#
# There is insufficient memory for the Java Runtime Environment to continue.
# Native memory allocation (mmap) failed to map 19922944 bytes. Error detail: G1 virtual space
# Possible reasons:
#   The system is out of physical RAM or swap space
#   This process is running with CompressedOops enabled, and the Java Heap may be blocking the growth of the native heap
# Possible solutions:
#   Reduce memory load on the system
#   Increase physical memory or swap space
#   Check if swap backing store is full
#   Decrease Java heap size (-Xmx/-Xms)
#   Decrease number of Java threads
#   Decrease Java thread stack sizes (-Xss)
#   Set larger code cache with -XX:ReservedCodeCacheSize=
#   JVM is running with Unscaled Compressed Oops mode in which the Java heap is
#     placed in the first 4GB address space. The Java Heap base address is the
#     maximum limit for the native heap growth. Please use -XX:HeapBaseMinAddress
#     to set the Java Heap base and to place the Java Heap above 4GB virtual address.
# This output file may be truncated or incomplete.
#
#  Out of Memory Error (os_windows.cpp:3686), pid=10056, tid=10888
#
# JRE version: OpenJDK Runtime Environment Temurin-21.0.7+6 (21.0.7+6) (build 21.0.7+6-LTS)
# Java VM: OpenJDK 64-Bit Server VM Temurin-21.0.7+6 (21.0.7+6-LTS, mixed mode, sharing, tiered, compressed oops, compressed class ptrs, g1 gc, windows-amd64)
# No core dump will be written. Minidumps are not enabled by default on client versions of Windows
#

---------------  S U M M A R Y ------------

Command Line: --add-opens=java.base/java.lang=ALL-UNNAMED --add-opens=java.base/java.lang.invoke=ALL-UNNAMED --add-opens=java.base/java.util=ALL-UNNAMED --add-opens=java.prefs/java.util.prefs=ALL-UNNAMED --add-exports=jdk.compiler/com.sun.tools.javac.api=ALL-UNNAMED --add-exports=jdk.compiler/com.sun.tools.javac.util=ALL-UNNAMED --add-opens=java.base/java.util=ALL-UNNAMED --add-opens=java.prefs/java.util.prefs=ALL-UNNAMED --add-opens=java.base/java.nio.charset=ALL-UNNAMED --add-opens=java.base/java.net=ALL-UNNAMED --add-opens=java.base/java.util.concurrent=ALL-UNNAMED --add-opens=java.base/java.util.concurrent.atomic=ALL-UNNAMED --add-opens=java.xml/javax.xml.namespace=ALL-UNNAMED --add-opens=java.base/java.time=ALL-UNNAMED -Xmx2048m -Dfile.encoding=UTF-8 -Duser.country=ID -Duser.language=en -Duser.variant -javaagent:D:\gradle_cache\wrapper\dists\gradle-9.4.1-bin\arn2x92ynaizyzdaamcbpbhtj\gradle-9.4.1\lib\agents\gradle-instrumentation-agent-9.4.1.jar org.gradle.launcher.daemon.bootstrap.GradleDaemon 9.4.1

Host: 12th Gen Intel(R) Core(TM) i5-1235U, 12 cores, 15G,  Windows 11 , 64 bit Build 26100 (10.0.26100.8328)
Time: Mon Jun  8 20:07:09 2026 SE Asia Standard Time elapsed time: 22.650456 seconds (0d 0h 0m 22s)

---------------  T H R E A D  ---------------

Current thread (0x0000020fff6e7c00):  VMThread "VM Thread"          [id=10888, stack(0x000000ae09200000,0x000000ae09300000) (1024K)]

Stack: [0x000000ae09200000,0x000000ae09300000]
Native frames: (J=compiled Java code, j=interpreted, Vv=VM code, C=native code)
V  [jvm.dll+0x6ce119]
V  [jvm.dll+0x8a84a1]
V  [jvm.dll+0x8aa9ce]
V  [jvm.dll+0x8ab0b3]
V  [jvm.dll+0x27f8a6]
V  [jvm.dll+0x6ca945]
V  [jvm.dll+0x6bebea]
V  [jvm.dll+0x355eca]
V  [jvm.dll+0x35da96]
V  [jvm.dll+0x3af72e]
V  [jvm.dll+0x3af9d8]
V  [jvm.dll+0x32a05c]
V  [jvm.dll+0x32c8b6]
V  [jvm.dll+0x336aa8]
V  [jvm.dll+0x36bfcf]
V  [jvm.dll+0x8b0dcf]
V  [jvm.dll+0x8b2154]
V  [jvm.dll+0x8b2690]
V  [jvm.dll+0x8b2933]
V  [jvm.dll+0x851f6b]
V  [jvm.dll+0x6cc7dd]
C  [ucrtbase.dll+0x37b0]
C  [KERNEL32.DLL+0x2e957]
C  [ntdll.dll+0x427c]

VM_Operation (0x000000ae08dffa90): G1PauseRemark, mode: safepoint, requested by thread 0x0000020ffe53e000


---------------  P R O C E S S  ---------------

Threads class SMR info:
_java_thread_list=0x0000020fe61147d0, length=88, elements={
0x0000020ffc14b030, 0x0000020fff7078b0, 0x0000020fff70a310, 0x0000020f9b6b1fb0,
0x0000020f9b6b2a00, 0x0000020f9b6b41d0, 0x0000020f9b6d9860, 0x0000020f9b6ddd80,
0x0000020f9b6df9b0, 0x0000020f9b7a4e70, 0x0000020f9b97aa60, 0x0000020fe2a19bb0,
0x0000020fe3295030, 0x0000020fe2827100, 0x0000020fe32cfb60, 0x0000020fe32d01c0,
0x0000020fe30d2710, 0x0000020fe31ed800, 0x0000020fe30cf180, 0x0000020fe30cfea0,
0x0000020fe30ce460, 0x0000020fe30cddd0, 0x0000020fe30cf810, 0x0000020fe30d0530,
0x0000020fe375d5b0, 0x0000020fe375c890, 0x0000020fe375e2d0, 0x0000020fe375c200,
0x0000020fe375ae50, 0x0000020fe375e960, 0x0000020fe375eff0, 0x0000020fe375bb70,
0x0000020fe3761750, 0x0000020fe37603a0, 0x0000020fe3760a30, 0x0000020fe27ea1a0,
0x0000020fe27ea830, 0x0000020fe27e9b10, 0x0000020fe27eb550, 0x0000020fe27eaec0,
0x0000020fe27ebbe0, 0x0000020fe27e8760, 0x0000020fe27ec270, 0x0000020fe27e8df0,
0x0000020fe27ed620, 0x0000020fe27ef060, 0x0000020fe24a2710, 0x0000020fe80618a0,
0x0000020fe8062c50, 0x0000020fe531f500, 0x0000020fe531fb90, 0x0000020fe5320220,
0x0000020fe531ee70, 0x0000020fe124dbc0, 0x0000020fe124cea0, 0x0000020fe124e8e0,
0x0000020fe124e250, 0x0000020fe124d530, 0x0000020fe124b460, 0x0000020fe124baf0,
0x0000020fe805f7d0, 0x0000020fe7484730, 0x0000020fed0f1910, 0x0000020fe74840a0,
0x0000020fe7483380, 0x0000020fe7483a10, 0x0000020fed384750, 0x0000020fed383a30,
0x0000020fe41606a0, 0x0000020fe4161a50, 0x0000020fe41613c0, 0x0000020fe415f980,
0x0000020fe4160010, 0x0000020fe41620e0, 0x0000020fe24a2080, 0x0000020fe79b1a00,
0x0000020fe79b6bc0, 0x0000020fe8df81e0, 0x0000020fed0f0bf0, 0x0000020fe8df74c0,
0x0000020fed43e830, 0x0000020fee8c8c70, 0x0000020fed440f90, 0x0000020fed7c8c00,
0x0000020fee8c78c0, 0x0000020fe8607b40, 0x0000020fe415f2f0, 0x0000020fe124c180
}

Java Threads: ( => current thread )
  0x0000020ffc14b030 JavaThread "main"                              [_thread_blocked, id=23384, stack(0x000000ae08b00000,0x000000ae08c00000) (1024K)]
  0x0000020fff7078b0 JavaThread "Reference Handler"          daemon [_thread_blocked, id=17764, stack(0x000000ae09300000,0x000000ae09400000) (1024K)]
  0x0000020fff70a310 JavaThread "Finalizer"                  daemon [_thread_blocked, id=6616, stack(0x000000ae09400000,0x000000ae09500000) (1024K)]
  0x0000020f9b6b1fb0 JavaThread "Signal Dispatcher"          daemon [_thread_blocked, id=19752, stack(0x000000ae09500000,0x000000ae09600000) (1024K)]
  0x0000020f9b6b2a00 JavaThread "Attach Listener"            daemon [_thread_blocked, id=12424, stack(0x000000ae09600000,0x000000ae09700000) (1024K)]
  0x0000020f9b6b41d0 JavaThread "Service Thread"             daemon [_thread_blocked, id=17396, stack(0x000000ae09700000,0x000000ae09800000) (1024K)]
  0x0000020f9b6d9860 JavaThread "Monitor Deflation Thread"   daemon [_thread_blocked, id=12620, stack(0x000000ae09800000,0x000000ae09900000) (1024K)]
  0x0000020f9b6ddd80 JavaThread "C2 CompilerThread0"         daemon [_thread_blocked, id=25856, stack(0x000000ae09900000,0x000000ae09a00000) (1024K)]
  0x0000020f9b6df9b0 JavaThread "C1 CompilerThread0"         daemon [_thread_blocked, id=27144, stack(0x000000ae09a00000,0x000000ae09b00000) (1024K)]
  0x0000020f9b7a4e70 JavaThread "Common-Cleaner"             daemon [_thread_blocked, id=11696, stack(0x000000ae09b00000,0x000000ae09c00000) (1024K)]
  0x0000020f9b97aa60 JavaThread "Notification Thread"        daemon [_thread_blocked, id=25592, stack(0x000000ae09d00000,0x000000ae09e00000) (1024K)]
  0x0000020fe2a19bb0 JavaThread "Daemon health stats"               [_thread_blocked, id=24892, stack(0x000000ae0a400000,0x000000ae0a500000) (1024K)]
  0x0000020fe3295030 JavaThread "Incoming local TCP Connector on port 52721"        [_thread_in_native, id=25020, stack(0x000000ae0a500000,0x000000ae0a600000) (1024K)]
  0x0000020fe2827100 JavaThread "Daemon periodic checks"            [_thread_blocked, id=17468, stack(0x000000ae0a600000,0x000000ae0a700000) (1024K)]
  0x0000020fe32cfb60 JavaThread "Daemon"                            [_thread_blocked, id=21260, stack(0x000000ae0a700000,0x000000ae0a800000) (1024K)]
  0x0000020fe32d01c0 JavaThread "Handler for socket connection from /127.0.0.1:52721 to /127.0.0.1:52722"        [_thread_in_native, id=6484, stack(0x000000ae0a800000,0x000000ae0a900000) (1024K)]
  0x0000020fe30d2710 JavaThread "Cancel handler"                    [_thread_blocked, id=8468, stack(0x000000ae0a900000,0x000000ae0aa00000) (1024K)]
  0x0000020fe31ed800 JavaThread "Daemon worker"                     [_thread_blocked, id=26512, stack(0x000000ae0aa00000,0x000000ae0ab00000) (1024K)]
  0x0000020fe30cf180 JavaThread "Asynchronous log dispatcher for DefaultDaemonConnection: socket connection from /127.0.0.1:52721 to /127.0.0.1:52722"        [_thread_blocked, id=14032, stack(0x000000ae0ab00000,0x000000ae0ac00000) (1024K)]
  0x0000020fe30cfea0 JavaThread "Stdin handler"                     [_thread_blocked, id=12948, stack(0x000000ae0ac00000,0x000000ae0ad00000) (1024K)]
  0x0000020fe30ce460 JavaThread "Daemon client event forwarder"        [_thread_blocked, id=9904, stack(0x000000ae0ad00000,0x000000ae0ae00000) (1024K)]
  0x0000020fe30cddd0 JavaThread "Cache worker for journal cache (D:\gradle_cache\caches\journal-1)"        [_thread_blocked, id=26656, stack(0x000000ae0ae00000,0x000000ae0af00000) (1024K)]
  0x0000020fe30cf810 JavaThread "File lock request listener"        [_thread_in_native, id=18796, stack(0x000000ae0af00000,0x000000ae0b000000) (1024K)]
  0x0000020fe30d0530 JavaThread "Cache worker for file hash cache (D:\gradle_cache\caches\9.4.1\fileHashes)"        [_thread_blocked, id=904, stack(0x000000ae0b000000,0x000000ae0b100000) (1024K)]
  0x0000020fe375d5b0 JavaThread "Cache worker for file hash cache (D:\Semester 4 (26)\PBO\Final Project\Teknisio\teknisio_mobile\.gradle\9.4.1\fileHashes)"        [_thread_blocked, id=1268, stack(0x000000ae0b700000,0x000000ae0b800000) (1024K)]
  0x0000020fe375c890 JavaThread "Cache worker for Build Output Cleanup Cache (D:\Semester 4 (26)\PBO\Final Project\Teknisio\teknisio_mobile\.gradle\buildOutputCleanup)"        [_thread_blocked, id=13208, stack(0x000000ae0b800000,0x000000ae0b900000) (1024K)]
  0x0000020fe375e2d0 JavaThread "File watcher server"        daemon [_thread_blocked, id=24496, stack(0x000000ae0b900000,0x000000ae0ba00000) (1024K)]
  0x0000020fe375c200 JavaThread "File watcher consumer"      daemon [_thread_blocked, id=21120, stack(0x000000ae0ba00000,0x000000ae0bb00000) (1024K)]
  0x0000020fe375ae50 JavaThread "Cache worker for file content cache (D:\gradle_cache\caches\9.4.1\fileContent)"        [_thread_blocked, id=17792, stack(0x000000ae0bb00000,0x000000ae0bc00000) (1024K)]
  0x0000020fe375e960 JavaThread "Cache worker for checksums cache (D:\Semester 4 (26)\PBO\Final Project\Teknisio\teknisio_mobile\.gradle\9.4.1\checksums)"        [_thread_blocked, id=8756, stack(0x000000ae0bc00000,0x000000ae0bd00000) (1024K)]
  0x0000020fe375eff0 JavaThread "Cache worker for cache directory md-supplier (D:\gradle_cache\caches\9.4.1\md-supplier)"        [_thread_blocked, id=18852, stack(0x000000ae0bd00000,0x000000ae0be00000) (1024K)]
  0x0000020fe375bb70 JavaThread "Cache worker for cache directory md-rule (D:\gradle_cache\caches\9.4.1\md-rule)"        [_thread_blocked, id=17124, stack(0x000000ae0be00000,0x000000ae0bf00000) (1024K)]
  0x0000020fe3761750 JavaThread "Build operations"                  [_thread_blocked, id=12228, stack(0x000000ae09e00000,0x000000ae09f00000) (1024K)]
  0x0000020fe37603a0 JavaThread "Build operations Thread 2"         [_thread_blocked, id=19352, stack(0x000000ae0bf00000,0x000000ae0c000000) (1024K)]
  0x0000020fe3760a30 JavaThread "Build operations Thread 3"         [_thread_blocked, id=14660, stack(0x000000ae0c000000,0x000000ae0c100000) (1024K)]
  0x0000020fe27ea1a0 JavaThread "Build operations Thread 4"         [_thread_blocked, id=26708, stack(0x000000ae0c100000,0x000000ae0c200000) (1024K)]
  0x0000020fe27ea830 JavaThread "Build operations Thread 5"         [_thread_blocked, id=1156, stack(0x000000ae0c200000,0x000000ae0c300000) (1024K)]
  0x0000020fe27e9b10 JavaThread "Build operations Thread 6"         [_thread_blocked, id=8724, stack(0x000000ae0c300000,0x000000ae0c400000) (1024K)]
  0x0000020fe27eb550 JavaThread "Build operations Thread 7"         [_thread_blocked, id=18588, stack(0x000000ae0c400000,0x000000ae0c500000) (1024K)]
  0x0000020fe27eaec0 JavaThread "Build operations Thread 8"         [_thread_blocked, id=6472, stack(0x000000ae0c500000,0x000000ae0c600000) (1024K)]
  0x0000020fe27ebbe0 JavaThread "Build operations Thread 9"         [_thread_blocked, id=20552, stack(0x000000ae0c600000,0x000000ae0c700000) (1024K)]
  0x0000020fe27e8760 JavaThread "Build operations Thread 10"        [_thread_blocked, id=8292, stack(0x000000ae0c700000,0x000000ae0c800000) (1024K)]
  0x0000020fe27ec270 JavaThread "Build operations Thread 11"        [_thread_blocked, id=11432, stack(0x000000ae0c800000,0x000000ae0c900000) (1024K)]
  0x0000020fe27e8df0 JavaThread "Build operations Thread 12"        [_thread_blocked, id=3260, stack(0x000000ae0c900000,0x000000ae0ca00000) (1024K)]
  0x0000020fe27ed620 JavaThread "Memory manager"                    [_thread_blocked, id=16128, stack(0x000000ae0ca00000,0x000000ae0cb00000) (1024K)]
  0x0000020fe27ef060 JavaThread "build event listener"              [_thread_blocked, id=9688, stack(0x000000ae0cb00000,0x000000ae0cc00000) (1024K)]
  0x0000020fe24a2710 JavaThread "pool-3-thread-1"                   [_thread_blocked, id=20356, stack(0x000000ae0cd00000,0x000000ae0ce00000) (1024K)]
  0x0000020fe80618a0 JavaThread "build event listener"              [_thread_blocked, id=16656, stack(0x000000ae0ce00000,0x000000ae0cf00000) (1024K)]
  0x0000020fe8062c50 JavaThread "included builds"                   [_thread_blocked, id=23524, stack(0x000000ae0cf00000,0x000000ae0d000000) (1024K)]
  0x0000020fe531f500 JavaThread "Execution worker"                  [_thread_blocked, id=20644, stack(0x000000ae0d000000,0x000000ae0d100000) (1024K)]
  0x0000020fe531fb90 JavaThread "Execution worker Thread 2"         [_thread_blocked, id=12700, stack(0x000000ae0d100000,0x000000ae0d200000) (1024K)]
  0x0000020fe5320220 JavaThread "Execution worker Thread 3"         [_thread_blocked, id=13524, stack(0x000000ae0d200000,0x000000ae0d300000) (1024K)]
  0x0000020fe531ee70 JavaThread "Execution worker Thread 4"         [_thread_blocked, id=25932, stack(0x000000ae0d300000,0x000000ae0d400000) (1024K)]
  0x0000020fe124dbc0 JavaThread "Execution worker Thread 5"         [_thread_blocked, id=10996, stack(0x000000ae0d400000,0x000000ae0d500000) (1024K)]
  0x0000020fe124cea0 JavaThread "Execution worker Thread 6"         [_thread_blocked, id=12672, stack(0x000000ae0d500000,0x000000ae0d600000) (1024K)]
  0x0000020fe124e8e0 JavaThread "Execution worker Thread 7"         [_thread_blocked, id=18020, stack(0x000000ae0d600000,0x000000ae0d700000) (1024K)]
  0x0000020fe124e250 JavaThread "Execution worker Thread 8"         [_thread_blocked, id=13232, stack(0x000000ae0d700000,0x000000ae0d800000) (1024K)]
  0x0000020fe124d530 JavaThread "Execution worker Thread 9"         [_thread_blocked, id=11996, stack(0x000000ae0d800000,0x000000ae0d900000) (1024K)]
  0x0000020fe124b460 JavaThread "Execution worker Thread 10"        [_thread_blocked, id=3464, stack(0x000000ae0d900000,0x000000ae0da00000) (1024K)]
  0x0000020fe124baf0 JavaThread "Execution worker Thread 11"        [_thread_blocked, id=4276, stack(0x000000ae0da00000,0x000000ae0db00000) (1024K)]
  0x0000020fe805f7d0 JavaThread "Cache worker for execution history cache (D:\Semester 4 (26)\PBO\Final Project\Teknisio\teknisio_mobile\.gradle\9.4.1\executionHistory)"        [_thread_blocked, id=13192, stack(0x000000ae0db00000,0x000000ae0dc00000) (1024K)]
  0x0000020fe7484730 JavaThread "Cache worker for Java compile cache (D:\gradle_cache\caches\9.4.1\javaCompile)"        [_thread_blocked, id=8172, stack(0x000000ae0dc00000,0x000000ae0dd00000) (1024K)]
  0x0000020fed0f1910 JavaThread "Problems report writer"            [_thread_blocked, id=19652, stack(0x000000ae0dd00000,0x000000ae0de00000) (1024K)]
  0x0000020fe74840a0 JavaThread "WorkerExecutor Queue"              [_thread_blocked, id=5840, stack(0x000000ae0de00000,0x000000ae0df00000) (1024K)]
  0x0000020fe7483380 JavaThread "WorkerExecutor Queue Thread 2"        [_thread_blocked, id=6784, stack(0x000000ae0df00000,0x000000ae0e000000) (1024K)]
  0x0000020fe7483a10 JavaThread "WorkerExecutor Queue Thread 3"        [_thread_blocked, id=13976, stack(0x000000ae0e000000,0x000000ae0e100000) (1024K)]
  0x0000020fed384750 JavaThread "WorkerExecutor Queue Thread 4"        [_thread_blocked, id=3888, stack(0x000000ae0e100000,0x000000ae0e200000) (1024K)]
  0x0000020fed383a30 JavaThread "WorkerExecutor Queue Thread 5"        [_thread_blocked, id=9696, stack(0x000000ae0e200000,0x000000ae0e300000) (1024K)]
  0x0000020fe41606a0 JavaThread "WorkerExecutor Queue Thread 6"        [_thread_blocked, id=22368, stack(0x000000ae0e300000,0x000000ae0e400000) (1024K)]
  0x0000020fe4161a50 JavaThread "WorkerExecutor Queue Thread 7"        [_thread_blocked, id=7648, stack(0x000000ae0e400000,0x000000ae0e500000) (1024K)]
  0x0000020fe41613c0 JavaThread "WorkerExecutor Queue Thread 8"        [_thread_blocked, id=20036, stack(0x000000ae0e500000,0x000000ae0e600000) (1024K)]
  0x0000020fe415f980 JavaThread "WorkerExecutor Queue Thread 9"        [_thread_blocked, id=25012, stack(0x000000ae0e600000,0x000000ae0e700000) (1024K)]
  0x0000020fe4160010 JavaThread "WorkerExecutor Queue Thread 10"        [_thread_blocked, id=23944, stack(0x000000ae0e700000,0x000000ae0e800000) (1024K)]
  0x0000020fe41620e0 JavaThread "WorkerExecutor Queue Thread 12"        [_thread_blocked, id=14632, stack(0x000000ae0e900000,0x000000ae0ea00000) (1024K)]
  0x0000020fe24a2080 JavaThread "WorkerExecutor Queue Thread 13"        [_thread_blocked, id=21252, stack(0x000000ae0ea00000,0x000000ae0eb00000) (1024K)]
  0x0000020fe79b1a00 JavaThread "C2 CompilerThread1"         daemon [_thread_blocked, id=20636, stack(0x000000ae09c00000,0x000000ae09d00000) (1024K)]
  0x0000020fe79b6bc0 JavaThread "C2 CompilerThread2"         daemon [_thread_blocked, id=19768, stack(0x000000ae0cc00000,0x000000ae0cd00000) (1024K)]
  0x0000020fe8df81e0 JavaThread "ForkJoinPool.commonPool-worker-1" daemon [_thread_blocked, id=1528, stack(0x000000ae0e800000,0x000000ae0e900000) (1024K)]
  0x0000020fed0f0bf0 JavaThread "ForkJoinPool.commonPool-worker-2" daemon [_thread_blocked, id=26552, stack(0x000000ae0eb00000,0x000000ae0ec00000) (1024K)]
  0x0000020fe8df74c0 JavaThread "ForkJoinPool.commonPool-worker-3" daemon [_thread_blocked, id=9132, stack(0x000000ae0ec00000,0x000000ae0ed00000) (1024K)]
  0x0000020fed43e830 JavaThread "ForkJoinPool.commonPool-worker-4" daemon [_thread_blocked, id=5904, stack(0x000000ae0ed00000,0x000000ae0ee00000) (1024K)]
  0x0000020fee8c8c70 JavaThread "ForkJoinPool.commonPool-worker-5" daemon [_thread_blocked, id=3100, stack(0x000000ae0ee00000,0x000000ae0ef00000) (1024K)]
  0x0000020fed440f90 JavaThread "ForkJoinPool.commonPool-worker-6" daemon [_thread_blocked, id=6048, stack(0x000000ae0ef00000,0x000000ae0f000000) (1024K)]
  0x0000020fed7c8c00 JavaThread "ForkJoinPool.commonPool-worker-7" daemon [_thread_blocked, id=13684, stack(0x000000ae0f000000,0x000000ae0f100000) (1024K)]
  0x0000020fee8c78c0 JavaThread "ForkJoinPool.commonPool-worker-8" daemon [_thread_blocked, id=25456, stack(0x000000ae0f100000,0x000000ae0f200000) (1024K)]
  0x0000020fe8607b40 JavaThread "ForkJoinPool.commonPool-worker-9" daemon [_thread_blocked, id=8796, stack(0x000000ae0f200000,0x000000ae0f300000) (1024K)]
  0x0000020fe415f2f0 JavaThread "ForkJoinPool.commonPool-worker-10" daemon [_thread_blocked, id=25692, stack(0x000000ae0f300000,0x000000ae0f400000) (1024K)]
  0x0000020fe124c180 JavaThread "ForkJoinPool.commonPool-worker-11" daemon [_thread_blocked, id=932, stack(0x000000ae0f400000,0x000000ae0f500000) (1024K)]
Total: 88

Other Threads:
=>0x0000020fff6e7c00 VMThread "VM Thread"                           [id=10888, stack(0x000000ae09200000,0x000000ae09300000) (1024K)]
  0x0000020fff6d9a30 WatcherThread "VM Periodic Task Thread"        [id=1976, stack(0x000000ae09100000,0x000000ae09200000) (1024K)]
  0x0000020ffc20e040 WorkerThread "GC Thread#0"                     [id=13504, stack(0x000000ae08c00000,0x000000ae08d00000) (1024K)]
  0x0000020fe14204f0 WorkerThread "GC Thread#1"                     [id=21824, stack(0x000000ae09f00000,0x000000ae0a000000) (1024K)]
  0x0000020fe141fdb0 WorkerThread "GC Thread#2"                     [id=19056, stack(0x000000ae0a000000,0x000000ae0a100000) (1024K)]
  0x0000020fe1420fd0 WorkerThread "GC Thread#3"                     [id=2200, stack(0x000000ae0a100000,0x000000ae0a200000) (1024K)]
  0x0000020fe1420150 WorkerThread "GC Thread#4"                     [id=15248, stack(0x000000ae0a200000,0x000000ae0a300000) (1024K)]
  0x0000020fe1421710 WorkerThread "GC Thread#5"                     [id=26172, stack(0x000000ae0a300000,0x000000ae0a400000) (1024K)]
  0x0000020fe1d1d760 WorkerThread "GC Thread#6"                     [id=10440, stack(0x000000ae0b100000,0x000000ae0b200000) (1024K)]
  0x0000020fe1d20680 WorkerThread "GC Thread#7"                     [id=26468, stack(0x000000ae0b200000,0x000000ae0b300000) (1024K)]
  0x0000020fe1d1dea0 WorkerThread "GC Thread#8"                     [id=10532, stack(0x000000ae0b300000,0x000000ae0b400000) (1024K)]
  0x0000020fe1d1e5e0 WorkerThread "GC Thread#9"                     [id=21676, stack(0x000000ae0b400000,0x000000ae0b500000) (1024K)]
  0x0000020ffe53e000 ConcurrentGCThread "G1 Main Marker"            [id=23996, stack(0x000000ae08d00000,0x000000ae08e00000) (1024K)]
  0x0000020ffe53f790 WorkerThread "G1 Conc#0"                       [id=20564, stack(0x000000ae08e00000,0x000000ae08f00000) (1024K)]
  0x0000020fe1d1db00 WorkerThread "G1 Conc#1"                       [id=19920, stack(0x000000ae0b500000,0x000000ae0b600000) (1024K)]
  0x0000020fe1d1f0c0 WorkerThread "G1 Conc#2"                       [id=23244, stack(0x000000ae0b600000,0x000000ae0b700000) (1024K)]
  0x0000020ffe58e970 ConcurrentGCThread "G1 Refine#0"               [id=24520, stack(0x000000ae08f00000,0x000000ae09000000) (1024K)]
  0x0000020fff608340 ConcurrentGCThread "G1 Service"                [id=3448, stack(0x000000ae09000000,0x000000ae09100000) (1024K)]
Total: 18

Threads with active compile tasks:
C2 CompilerThread0  22743 18503       4       java.util.function.Predicate$$Lambda/0x0000020f9d137b50::test (15 bytes)
C2 CompilerThread1  22743 18424       4       java.lang.invoke.MethodHandleImpl::makePairwiseConvertByEditor (617 bytes)
C2 CompilerThread2  22743 18501       4       org.gradle.internal.hash.Hashing$MessageDigestHashFunction::newPrimitiveHasher (14 bytes)
Total: 3

VM state: at safepoint (normal execution)

VM Mutex/Monitor currently owned by a thread:  ([mutex/lock_event])
[0x00007ff95267e308] Threads_lock - owner thread: 0x0000020fff6e7c00
[0x00007ff95267e408] Heap_lock - owner thread: 0x0000020ffe53e000

Heap address: 0x0000000080000000, size: 2048 MB, Compressed Oops mode: 32-bit

CDS archive(s) mapped at: [0x0000020f9c000000-0x0000020f9cc80000-0x0000020f9cc80000), size 13107200, SharedBaseAddress: 0x0000020f9c000000, ArchiveRelocationMode: 1.
Compressed class space mapped at: 0x0000020f9d000000-0x0000020fdd000000, reserved size: 1073741824
Narrow klass base: 0x0000020f9c000000, Narrow klass shift: 0, Narrow klass range: 0x100000000

GC Precious Log:
 CardTable entry size: 512
 Card Set container configuration: InlinePtr #cards 5 size 8 Array Of Cards #cards 12 size 40 Howl #buckets 4 coarsen threshold 1843 Howl Bitmap #cards 512 size 80 coarsen threshold 460 Card regions per heap region 1 cards per card region 2048
 CPUs: 12 total, 12 available
 Memory: 16108M
 Large Page Support: Disabled
 NUMA Support: Disabled
 Compressed Oops: Enabled (32-bit)
 Heap Region Size: 1M
 Heap Min Capacity: 8M
 Heap Initial Capacity: 252M
 Heap Max Capacity: 2G
 Pre-touch: Disabled
 Parallel Workers: 10
 Concurrent Workers: 3
 Concurrent Refinement Workers: 10
 Periodic GC: Disabled

Heap:
 garbage-first heap   total 244736K, used 190499K [0x0000000080000000, 0x0000000100000000)
  region size 1024K, 3 young (3072K), 1 survivors (1024K)
 Metaspace       used 135144K, committed 137792K, reserved 1179648K
  class space    used 18782K, committed 20096K, reserved 1048576K

Heap Regions: E=young(eden), S=young(survivor), O=old, HS=humongous(starts), HC=humongous(continues), CS=collection set, F=free, TAMS=top-at-mark-start, PB=parsable bottom
|   0|0x0000000080000000, 0x0000000080100000, 0x0000000080100000|100%|HS|  |TAMS 0x0000000080100000| PB 0x0000000080000000| Complete 
|   1|0x0000000080100000, 0x0000000080200000, 0x0000000080200000|100%|HC|  |TAMS 0x0000000080200000| PB 0x0000000080100000| Complete 
|   2|0x0000000080200000, 0x0000000080300000, 0x0000000080300000|100%|HC|  |TAMS 0x0000000080300000| PB 0x0000000080200000| Complete 
|   3|0x0000000080300000, 0x0000000080400000, 0x0000000080400000|100%|HC|  |TAMS 0x0000000080400000| PB 0x0000000080300000| Complete 
|   4|0x0000000080400000, 0x0000000080500000, 0x0000000080500000|100%| O|  |TAMS 0x0000000080500000| PB 0x0000000080500000| Untracked 
|   5|0x0000000080500000, 0x0000000080600000, 0x0000000080600000|100%| O|  |TAMS 0x0000000080600000| PB 0x0000000080600000| Untracked 
|   6|0x0000000080600000, 0x0000000080700000, 0x0000000080700000|100%| O|  |TAMS 0x0000000080700000| PB 0x0000000080700000| Updating 
|   7|0x0000000080700000, 0x0000000080800000, 0x0000000080800000|100%| O|  |TAMS 0x0000000080800000| PB 0x0000000080800000| Untracked 
|   8|0x0000000080800000, 0x0000000080900000, 0x0000000080900000|100%|HS|  |TAMS 0x0000000080900000| PB 0x0000000080800000| Complete 
|   9|0x0000000080900000, 0x0000000080a00000, 0x0000000080a00000|100%| O|  |TAMS 0x0000000080a00000| PB 0x0000000080a00000| Untracked 
|  10|0x0000000080a00000, 0x0000000080b00000, 0x0000000080b00000|100%| O|  |TAMS 0x0000000080b00000| PB 0x0000000080b00000| Untracked 
|  11|0x0000000080b00000, 0x0000000080c00000, 0x0000000080c00000|100%| O|  |TAMS 0x0000000080c00000| PB 0x0000000080c00000| Untracked 
|  12|0x0000000080c00000, 0x0000000080d00000, 0x0000000080d00000|100%| O|  |TAMS 0x0000000080d00000| PB 0x0000000080d00000| Untracked 
|  13|0x0000000080d00000, 0x0000000080e00000, 0x0000000080e00000|100%| O|  |TAMS 0x0000000080e00000| PB 0x0000000080e00000| Untracked 
|  14|0x0000000080e00000, 0x0000000080f00000, 0x0000000080f00000|100%| O|  |TAMS 0x0000000080f00000| PB 0x0000000080f00000| Untracked 
|  15|0x0000000080f00000, 0x0000000081000000, 0x0000000081000000|100%| O|  |TAMS 0x0000000081000000| PB 0x0000000081000000| Untracked 
|  16|0x0000000081000000, 0x0000000081100000, 0x0000000081100000|100%| O|  |TAMS 0x0000000081100000| PB 0x0000000081100000| Untracked 
|  17|0x0000000081100000, 0x0000000081200000, 0x0000000081200000|100%| O|  |TAMS 0x0000000081200000| PB 0x0000000081200000| Untracked 
|  18|0x0000000081200000, 0x0000000081300000, 0x0000000081300000|100%| O|  |TAMS 0x0000000081300000| PB 0x0000000081300000| Untracked 
|  19|0x0000000081300000, 0x0000000081400000, 0x0000000081400000|100%| O|  |TAMS 0x0000000081400000| PB 0x0000000081400000| Untracked 
|  20|0x0000000081400000, 0x0000000081500000, 0x0000000081500000|100%| O|  |TAMS 0x0000000081500000| PB 0x0000000081500000| Untracked 
|  21|0x0000000081500000, 0x0000000081600000, 0x0000000081600000|100%| O|  |TAMS 0x0000000081600000| PB 0x0000000081600000| Untracked 
|  22|0x0000000081600000, 0x0000000081700000, 0x0000000081700000|100%| O|  |TAMS 0x0000000081700000| PB 0x0000000081700000| Untracked 
|  23|0x0000000081700000, 0x0000000081800000, 0x0000000081800000|100%| O|  |TAMS 0x0000000081800000| PB 0x0000000081800000| Untracked 
|  24|0x0000000081800000, 0x0000000081900000, 0x0000000081900000|100%| O|  |TAMS 0x0000000081900000| PB 0x0000000081900000| Untracked 
|  25|0x0000000081900000, 0x0000000081a00000, 0x0000000081a00000|100%| O|  |TAMS 0x0000000081a00000| PB 0x0000000081a00000| Untracked 
|  26|0x0000000081a00000, 0x0000000081b00000, 0x0000000081b00000|100%| O|  |TAMS 0x0000000081b00000| PB 0x0000000081b00000| Untracked 
|  27|0x0000000081b00000, 0x0000000081c00000, 0x0000000081c00000|100%| O|  |TAMS 0x0000000081c00000| PB 0x0000000081c00000| Updating 
|  28|0x0000000081c00000, 0x0000000081d00000, 0x0000000081d00000|100%| O|  |TAMS 0x0000000081d00000| PB 0x0000000081d00000| Updating 
|  29|0x0000000081d00000, 0x0000000081e00000, 0x0000000081e00000|100%| O|  |TAMS 0x0000000081e00000| PB 0x0000000081e00000| Untracked 
|  30|0x0000000081e00000, 0x0000000081f00000, 0x0000000081f00000|100%| O|  |TAMS 0x0000000081f00000| PB 0x0000000081f00000| Untracked 
|  31|0x0000000081f00000, 0x0000000082000000, 0x0000000082000000|100%| O|  |TAMS 0x0000000082000000| PB 0x0000000082000000| Untracked 
|  32|0x0000000082000000, 0x0000000082100000, 0x0000000082100000|100%| O|  |TAMS 0x0000000082100000| PB 0x0000000082100000| Untracked 
|  33|0x0000000082100000, 0x0000000082200000, 0x0000000082200000|100%|HS|  |TAMS 0x0000000082200000| PB 0x0000000082100000| Complete 
|  34|0x0000000082200000, 0x0000000082300000, 0x0000000082300000|100%|HS|  |TAMS 0x0000000082300000| PB 0x0000000082200000| Complete 
|  35|0x0000000082300000, 0x0000000082400000, 0x0000000082400000|100%|HS|  |TAMS 0x0000000082400000| PB 0x0000000082300000| Complete 
|  36|0x0000000082400000, 0x0000000082500000, 0x0000000082500000|100%|HC|  |TAMS 0x0000000082500000| PB 0x0000000082400000| Complete 
|  37|0x0000000082500000, 0x0000000082600000, 0x0000000082600000|100%|HS|  |TAMS 0x0000000082600000| PB 0x0000000082500000| Complete 
|  38|0x0000000082600000, 0x0000000082700000, 0x0000000082700000|100%|HS|  |TAMS 0x0000000082700000| PB 0x0000000082600000| Complete 
|  39|0x0000000082700000, 0x0000000082800000, 0x0000000082800000|100%| O|  |TAMS 0x0000000082800000| PB 0x0000000082800000| Untracked 
|  40|0x0000000082800000, 0x0000000082900000, 0x0000000082900000|100%|HS|  |TAMS 0x0000000082900000| PB 0x0000000082800000| Complete 
|  41|0x0000000082900000, 0x0000000082a00000, 0x0000000082a00000|100%|HS|  |TAMS 0x0000000082a00000| PB 0x0000000082900000| Complete 
|  42|0x0000000082a00000, 0x0000000082b00000, 0x0000000082b00000|100%| O|  |TAMS 0x0000000082b00000| PB 0x0000000082b00000| Untracked 
|  43|0x0000000082b00000, 0x0000000082c00000, 0x0000000082c00000|100%| O|  |TAMS 0x0000000082c00000| PB 0x0000000082c00000| Untracked 
|  44|0x0000000082c00000, 0x0000000082d00000, 0x0000000082d00000|100%| O|  |TAMS 0x0000000082d00000| PB 0x0000000082d00000| Untracked 
|  45|0x0000000082d00000, 0x0000000082e00000, 0x0000000082e00000|100%| O|  |TAMS 0x0000000082e00000| PB 0x0000000082e00000| Untracked 
|  46|0x0000000082e00000, 0x0000000082f00000, 0x0000000082f00000|100%| O|  |TAMS 0x0000000082f00000| PB 0x0000000082f00000| Updating 
|  47|0x0000000082f00000, 0x0000000083000000, 0x0000000083000000|100%|HS|  |TAMS 0x0000000083000000| PB 0x0000000082f00000| Complete 
|  48|0x0000000083000000, 0x0000000083100000, 0x0000000083100000|100%|HC|  |TAMS 0x0000000083100000| PB 0x0000000083000000| Complete 
|  49|0x0000000083100000, 0x0000000083200000, 0x0000000083200000|100%| O|  |TAMS 0x0000000083200000| PB 0x0000000083200000| Untracked 
|  50|0x0000000083200000, 0x0000000083300000, 0x0000000083300000|100%| O|  |TAMS 0x0000000083300000| PB 0x0000000083300000| Untracked 
|  51|0x0000000083300000, 0x0000000083400000, 0x0000000083400000|100%| O|  |TAMS 0x0000000083400000| PB 0x0000000083400000| Untracked 
|  52|0x0000000083400000, 0x0000000083500000, 0x0000000083500000|100%| O|  |TAMS 0x0000000083500000| PB 0x0000000083500000| Untracked 
|  53|0x0000000083500000, 0x0000000083600000, 0x0000000083600000|100%| O|  |TAMS 0x0000000083600000| PB 0x0000000083600000| Untracked 
|  54|0x0000000083600000, 0x0000000083700000, 0x0000000083700000|100%| O|  |TAMS 0x0000000083700000| PB 0x0000000083700000| Untracked 
|  55|0x0000000083700000, 0x0000000083800000, 0x0000000083800000|100%| O|  |TAMS 0x0000000083800000| PB 0x0000000083800000| Updating 
|  56|0x0000000083800000, 0x0000000083900000, 0x0000000083900000|100%| O|  |TAMS 0x0000000083900000| PB 0x0000000083900000| Untracked 
|  57|0x0000000083900000, 0x0000000083a00000, 0x0000000083a00000|100%| O|  |TAMS 0x0000000083a00000| PB 0x0000000083a00000| Untracked 
|  58|0x0000000083a00000, 0x0000000083b00000, 0x0000000083b00000|100%| O|  |TAMS 0x0000000083b00000| PB 0x0000000083b00000| Updating 
|  59|0x0000000083b00000, 0x0000000083c00000, 0x0000000083c00000|100%| O|  |TAMS 0x0000000083c00000| PB 0x0000000083c00000| Updating 
|  60|0x0000000083c00000, 0x0000000083d00000, 0x0000000083d00000|100%| O|  |TAMS 0x0000000083d00000| PB 0x0000000083d00000| Untracked 
|  61|0x0000000083d00000, 0x0000000083e00000, 0x0000000083e00000|100%| O|  |TAMS 0x0000000083e00000| PB 0x0000000083e00000| Untracked 
|  62|0x0000000083e00000, 0x0000000083f00000, 0x0000000083f00000|100%| O|  |TAMS 0x0000000083f00000| PB 0x0000000083f00000| Untracked 
|  63|0x0000000083f00000, 0x0000000084000000, 0x0000000084000000|100%| O|  |TAMS 0x0000000084000000| PB 0x0000000084000000| Untracked 
|  64|0x0000000084000000, 0x0000000084100000, 0x0000000084100000|100%|HS|  |TAMS 0x0000000084100000| PB 0x0000000084000000| Complete 
|  65|0x0000000084100000, 0x0000000084200000, 0x0000000084200000|100%| O|  |TAMS 0x0000000084200000| PB 0x0000000084200000| Untracked 
|  66|0x0000000084200000, 0x0000000084300000, 0x0000000084300000|100%| O|  |TAMS 0x0000000084300000| PB 0x0000000084300000| Updating 
|  67|0x0000000084300000, 0x0000000084400000, 0x0000000084400000|100%| O|  |TAMS 0x0000000084400000| PB 0x0000000084400000| Untracked 
|  68|0x0000000084400000, 0x0000000084500000, 0x0000000084500000|100%| O|  |TAMS 0x0000000084500000| PB 0x0000000084500000| Updating 
|  69|0x0000000084500000, 0x0000000084600000, 0x0000000084600000|100%| O|  |TAMS 0x0000000084600000| PB 0x0000000084600000| Untracked 
|  70|0x0000000084600000, 0x0000000084700000, 0x0000000084700000|100%| O|  |TAMS 0x0000000084700000| PB 0x0000000084700000| Untracked 
|  71|0x0000000084700000, 0x0000000084800000, 0x0000000084800000|100%| O|  |TAMS 0x0000000084800000| PB 0x0000000084800000| Untracked 
|  72|0x0000000084800000, 0x0000000084900000, 0x0000000084900000|100%| O|  |TAMS 0x0000000084900000| PB 0x0000000084900000| Untracked 
|  73|0x0000000084900000, 0x0000000084a00000, 0x0000000084a00000|100%| O|  |TAMS 0x0000000084a00000| PB 0x0000000084a00000| Untracked 
|  74|0x0000000084a00000, 0x0000000084b00000, 0x0000000084b00000|100%| O|  |TAMS 0x0000000084b00000| PB 0x0000000084b00000| Untracked 
|  75|0x0000000084b00000, 0x0000000084c00000, 0x0000000084c00000|100%| O|  |TAMS 0x0000000084c00000| PB 0x0000000084c00000| Updating 
|  76|0x0000000084c00000, 0x0000000084d00000, 0x0000000084d00000|100%| O|  |TAMS 0x0000000084d00000| PB 0x0000000084d00000| Updating 
|  77|0x0000000084d00000, 0x0000000084e00000, 0x0000000084e00000|100%| O|  |TAMS 0x0000000084e00000| PB 0x0000000084e00000| Untracked 
|  78|0x0000000084e00000, 0x0000000084f00000, 0x0000000084f00000|100%| O|  |TAMS 0x0000000084f00000| PB 0x0000000084f00000| Untracked 
|  79|0x0000000084f00000, 0x0000000085000000, 0x0000000085000000|100%| O|  |TAMS 0x0000000085000000| PB 0x0000000085000000| Untracked 
|  80|0x0000000085000000, 0x0000000085100000, 0x0000000085100000|100%| O|  |TAMS 0x0000000085100000| PB 0x0000000085100000| Untracked 
|  81|0x0000000085100000, 0x0000000085200000, 0x0000000085200000|100%| O|  |TAMS 0x0000000085200000| PB 0x0000000085200000| Untracked 
|  82|0x0000000085200000, 0x0000000085300000, 0x0000000085300000|100%| O|  |TAMS 0x0000000085300000| PB 0x0000000085300000| Untracked 
|  83|0x0000000085300000, 0x0000000085400000, 0x0000000085400000|100%| O|  |TAMS 0x0000000085400000| PB 0x0000000085400000| Untracked 
|  84|0x0000000085400000, 0x0000000085500000, 0x0000000085500000|100%| O|  |TAMS 0x0000000085400000| PB 0x0000000085400000| Untracked 
|  85|0x0000000085500000, 0x0000000085600000, 0x0000000085600000|100%| O|  |TAMS 0x0000000085600000| PB 0x0000000085600000| Updating 
|  86|0x0000000085600000, 0x0000000085700000, 0x0000000085700000|100%| O|  |TAMS 0x0000000085700000| PB 0x0000000085700000| Updating 
|  87|0x0000000085700000, 0x0000000085800000, 0x0000000085800000|100%| O|  |TAMS 0x0000000085800000| PB 0x0000000085800000| Untracked 
|  88|0x0000000085800000, 0x0000000085900000, 0x0000000085900000|100%| O|  |TAMS 0x0000000085900000| PB 0x0000000085900000| Untracked 
|  89|0x0000000085900000, 0x0000000085a00000, 0x0000000085a00000|100%| O|  |TAMS 0x0000000085a00000| PB 0x0000000085a00000| Updating 
|  90|0x0000000085a00000, 0x0000000085b00000, 0x0000000085b00000|100%| O|  |TAMS 0x0000000085b00000| PB 0x0000000085b00000| Updating 
|  91|0x0000000085b00000, 0x0000000085c00000, 0x0000000085c00000|100%| O|  |TAMS 0x0000000085c00000| PB 0x0000000085c00000| Untracked 
|  92|0x0000000085c00000, 0x0000000085d00000, 0x0000000085d00000|100%| O|  |TAMS 0x0000000085d00000| PB 0x0000000085d00000| Updating 
|  93|0x0000000085d00000, 0x0000000085e00000, 0x0000000085e00000|100%| O|  |TAMS 0x0000000085e00000| PB 0x0000000085e00000| Updating 
|  94|0x0000000085e00000, 0x0000000085f00000, 0x0000000085f00000|100%| O|  |TAMS 0x0000000085f00000| PB 0x0000000085f00000| Updating 
|  95|0x0000000085f00000, 0x0000000086000000, 0x0000000086000000|100%| O|  |TAMS 0x0000000086000000| PB 0x0000000086000000| Updating 
|  96|0x0000000086000000, 0x0000000086100000, 0x0000000086100000|100%| O|  |TAMS 0x0000000086100000| PB 0x0000000086100000| Untracked 
|  97|0x0000000086100000, 0x0000000086100000, 0x0000000086200000|  0%| F|  |TAMS 0x0000000086100000| PB 0x0000000086100000| Untracked 
|  98|0x0000000086200000, 0x0000000086200000, 0x0000000086300000|  0%| F|  |TAMS 0x0000000086200000| PB 0x0000000086200000| Untracked 
|  99|0x0000000086300000, 0x0000000086400000, 0x0000000086400000|100%| O|  |TAMS 0x0000000086400000| PB 0x0000000086400000| Updating 
| 100|0x0000000086400000, 0x0000000086500000, 0x0000000086500000|100%| O|  |TAMS 0x0000000086500000| PB 0x0000000086500000| Updating 
| 101|0x0000000086500000, 0x0000000086600000, 0x0000000086600000|100%| O|  |TAMS 0x0000000086500000| PB 0x0000000086500000| Untracked 
| 102|0x0000000086600000, 0x0000000086700000, 0x0000000086700000|100%| O|  |TAMS 0x0000000086600000| PB 0x0000000086600000| Untracked 
| 103|0x0000000086700000, 0x0000000086800000, 0x0000000086800000|100%| O|  |TAMS 0x0000000086800000| PB 0x0000000086800000| Untracked 
| 104|0x0000000086800000, 0x0000000086900000, 0x0000000086900000|100%| O|  |TAMS 0x0000000086900000| PB 0x0000000086900000| Untracked 
| 105|0x0000000086900000, 0x0000000086a00000, 0x0000000086a00000|100%| O|  |TAMS 0x0000000086a00000| PB 0x0000000086a00000| Untracked 
| 106|0x0000000086a00000, 0x0000000086b00000, 0x0000000086b00000|100%| O|  |TAMS 0x0000000086b00000| PB 0x0000000086b00000| Updating 
| 107|0x0000000086b00000, 0x0000000086c00000, 0x0000000086c00000|100%| O|  |TAMS 0x0000000086c00000| PB 0x0000000086c00000| Updating 
| 108|0x0000000086c00000, 0x0000000086d00000, 0x0000000086d00000|100%| O|  |TAMS 0x0000000086c00000| PB 0x0000000086c00000| Untracked 
| 109|0x0000000086d00000, 0x0000000086e00000, 0x0000000086e00000|100%| O|  |TAMS 0x0000000086d00000| PB 0x0000000086d00000| Untracked 
| 110|0x0000000086e00000, 0x0000000086f00000, 0x0000000086f00000|100%| O|  |TAMS 0x0000000086f00000| PB 0x0000000086f00000| Updating 
| 111|0x0000000086f00000, 0x0000000087000000, 0x0000000087000000|100%| O|  |TAMS 0x0000000087000000| PB 0x0000000087000000| Updating 
| 112|0x0000000087000000, 0x0000000087100000, 0x0000000087100000|100%| O|  |TAMS 0x0000000087100000| PB 0x0000000087100000| Updating 
| 113|0x0000000087100000, 0x0000000087200000, 0x0000000087200000|100%| O|  |TAMS 0x0000000087100000| PB 0x0000000087100000| Untracked 
| 114|0x0000000087200000, 0x0000000087300000, 0x0000000087300000|100%| O|  |TAMS 0x0000000087300000| PB 0x0000000087300000| Updating 
| 115|0x0000000087300000, 0x0000000087400000, 0x0000000087400000|100%| O|  |TAMS 0x0000000087400000| PB 0x0000000087400000| Untracked 
| 116|0x0000000087400000, 0x0000000087500000, 0x0000000087500000|100%| O|  |TAMS 0x0000000087500000| PB 0x0000000087500000| Untracked 
| 117|0x0000000087500000, 0x0000000087600000, 0x0000000087600000|100%| O|  |TAMS 0x0000000087600000| PB 0x0000000087600000| Untracked 
| 118|0x0000000087600000, 0x0000000087700000, 0x0000000087700000|100%| O|  |TAMS 0x0000000087700000| PB 0x0000000087700000| Updating 
| 119|0x0000000087700000, 0x0000000087800000, 0x0000000087800000|100%| O|  |TAMS 0x0000000087700000| PB 0x0000000087700000| Untracked 
| 120|0x0000000087800000, 0x0000000087812a00, 0x0000000087900000|  7%| O|  |TAMS 0x0000000087800000| PB 0x0000000087800000| Updating 
| 121|0x0000000087900000, 0x0000000087a00000, 0x0000000087a00000|100%| O|  |TAMS 0x0000000087a00000| PB 0x0000000087a00000| Updating 
| 122|0x0000000087a00000, 0x0000000087b00000, 0x0000000087b00000|100%| O|  |TAMS 0x0000000087b00000| PB 0x0000000087b00000| Updating 
| 123|0x0000000087b00000, 0x0000000087c00000, 0x0000000087c00000|100%| O|  |TAMS 0x0000000087c00000| PB 0x0000000087c00000| Updating 
| 124|0x0000000087c00000, 0x0000000087d00000, 0x0000000087d00000|100%| O|  |TAMS 0x0000000087d00000| PB 0x0000000087d00000| Updating 
| 125|0x0000000087d00000, 0x0000000087e00000, 0x0000000087e00000|100%| O|  |TAMS 0x0000000087e00000| PB 0x0000000087e00000| Updating 
| 126|0x0000000087e00000, 0x0000000087f00000, 0x0000000087f00000|100%| O|  |TAMS 0x0000000087f00000| PB 0x0000000087f00000| Updating 
| 127|0x0000000087f00000, 0x0000000088000000, 0x0000000088000000|100%| O|  |TAMS 0x0000000088000000| PB 0x0000000088000000| Updating 
| 128|0x0000000088000000, 0x0000000088100000, 0x0000000088100000|100%| O|  |TAMS 0x0000000088100000| PB 0x0000000088100000| Updating 
| 129|0x0000000088100000, 0x0000000088200000, 0x0000000088200000|100%| O|  |TAMS 0x0000000088200000| PB 0x0000000088200000| Updating 
| 130|0x0000000088200000, 0x0000000088300000, 0x0000000088300000|100%| O|  |TAMS 0x0000000088300000| PB 0x0000000088300000| Updating 
| 131|0x0000000088300000, 0x0000000088400000, 0x0000000088400000|100%| O|  |TAMS 0x0000000088400000| PB 0x0000000088400000| Updating 
| 132|0x0000000088400000, 0x0000000088500000, 0x0000000088500000|100%| O|  |TAMS 0x0000000088500000| PB 0x0000000088500000| Updating 
| 133|0x0000000088500000, 0x0000000088600000, 0x0000000088600000|100%| O|  |TAMS 0x0000000088600000| PB 0x0000000088600000| Updating 
| 134|0x0000000088600000, 0x0000000088700000, 0x0000000088700000|100%| O|  |TAMS 0x00000000886b0b20| PB 0x00000000886b0b20| Updating 
| 135|0x0000000088700000, 0x0000000088800000, 0x0000000088800000|100%|HS|  |TAMS 0x0000000088700000| PB 0x0000000088700000| Complete 
| 136|0x0000000088800000, 0x0000000088900000, 0x0000000088900000|100%|HC|  |TAMS 0x0000000088800000| PB 0x0000000088800000| Complete 
| 137|0x0000000088900000, 0x0000000088a00000, 0x0000000088a00000|100%|HS|  |TAMS 0x0000000088900000| PB 0x0000000088900000| Complete 
| 138|0x0000000088a00000, 0x0000000088b00000, 0x0000000088b00000|100%|HC|  |TAMS 0x0000000088a00000| PB 0x0000000088a00000| Complete 
| 139|0x0000000088b00000, 0x0000000088c00000, 0x0000000088c00000|100%|HS|  |TAMS 0x0000000088b00000| PB 0x0000000088b00000| Complete 
| 140|0x0000000088c00000, 0x0000000088d00000, 0x0000000088d00000|100%|HC|  |TAMS 0x0000000088c00000| PB 0x0000000088c00000| Complete 
| 141|0x0000000088d00000, 0x0000000088e00000, 0x0000000088e00000|100%|HS|  |TAMS 0x0000000088d00000| PB 0x0000000088d00000| Complete 
| 142|0x0000000088e00000, 0x0000000088f00000, 0x0000000088f00000|100%|HC|  |TAMS 0x0000000088e00000| PB 0x0000000088e00000| Complete 
| 143|0x0000000088f00000, 0x0000000089000000, 0x0000000089000000|100%|HS|  |TAMS 0x0000000088f00000| PB 0x0000000088f00000| Complete 
| 144|0x0000000089000000, 0x0000000089100000, 0x0000000089100000|100%|HC|  |TAMS 0x0000000089000000| PB 0x0000000089000000| Complete 
| 145|0x0000000089100000, 0x0000000089200000, 0x0000000089200000|100%|HS|  |TAMS 0x0000000089100000| PB 0x0000000089100000| Complete 
| 146|0x0000000089200000, 0x0000000089300000, 0x0000000089300000|100%|HC|  |TAMS 0x0000000089200000| PB 0x0000000089200000| Complete 
| 147|0x0000000089300000, 0x0000000089400000, 0x0000000089400000|100%|HS|  |TAMS 0x0000000089300000| PB 0x0000000089300000| Complete 
| 148|0x0000000089400000, 0x0000000089500000, 0x0000000089500000|100%|HC|  |TAMS 0x0000000089400000| PB 0x0000000089400000| Complete 
| 149|0x0000000089500000, 0x0000000089600000, 0x0000000089600000|100%|HS|  |TAMS 0x0000000089500000| PB 0x0000000089500000| Complete 
| 150|0x0000000089600000, 0x0000000089700000, 0x0000000089700000|100%|HC|  |TAMS 0x0000000089600000| PB 0x0000000089600000| Complete 
| 151|0x0000000089700000, 0x0000000089800000, 0x0000000089800000|100%|HS|  |TAMS 0x0000000089700000| PB 0x0000000089700000| Complete 
| 152|0x0000000089800000, 0x0000000089900000, 0x0000000089900000|100%|HC|  |TAMS 0x0000000089800000| PB 0x0000000089800000| Complete 
| 153|0x0000000089900000, 0x0000000089a00000, 0x0000000089a00000|100%|HS|  |TAMS 0x0000000089900000| PB 0x0000000089900000| Complete 
| 154|0x0000000089a00000, 0x0000000089b00000, 0x0000000089b00000|100%|HC|  |TAMS 0x0000000089a00000| PB 0x0000000089a00000| Complete 
| 155|0x0000000089b00000, 0x0000000089c00000, 0x0000000089c00000|100%|HS|  |TAMS 0x0000000089b00000| PB 0x0000000089b00000| Complete 
| 156|0x0000000089c00000, 0x0000000089d00000, 0x0000000089d00000|100%|HC|  |TAMS 0x0000000089c00000| PB 0x0000000089c00000| Complete 
| 157|0x0000000089d00000, 0x0000000089e00000, 0x0000000089e00000|100%|HS|  |TAMS 0x0000000089d00000| PB 0x0000000089d00000| Complete 
| 158|0x0000000089e00000, 0x0000000089f00000, 0x0000000089f00000|100%|HC|  |TAMS 0x0000000089e00000| PB 0x0000000089e00000| Complete 
| 159|0x0000000089f00000, 0x000000008a000000, 0x000000008a000000|100%|HS|  |TAMS 0x0000000089f00000| PB 0x0000000089f00000| Complete 
| 160|0x000000008a000000, 0x000000008a100000, 0x000000008a100000|100%|HC|  |TAMS 0x000000008a000000| PB 0x000000008a000000| Complete 
| 161|0x000000008a100000, 0x000000008a200000, 0x000000008a200000|100%|HS|  |TAMS 0x000000008a100000| PB 0x000000008a100000| Complete 
| 162|0x000000008a200000, 0x000000008a300000, 0x000000008a300000|100%|HC|  |TAMS 0x000000008a200000| PB 0x000000008a200000| Complete 
| 163|0x000000008a300000, 0x000000008a400000, 0x000000008a400000|100%|HS|  |TAMS 0x000000008a300000| PB 0x000000008a300000| Complete 
| 164|0x000000008a400000, 0x000000008a500000, 0x000000008a500000|100%|HC|  |TAMS 0x000000008a400000| PB 0x000000008a400000| Complete 
| 165|0x000000008a500000, 0x000000008a600000, 0x000000008a600000|100%|HS|  |TAMS 0x000000008a500000| PB 0x000000008a500000| Complete 
| 166|0x000000008a600000, 0x000000008a700000, 0x000000008a700000|100%|HC|  |TAMS 0x000000008a600000| PB 0x000000008a600000| Complete 
| 167|0x000000008a700000, 0x000000008a800000, 0x000000008a800000|100%|HS|  |TAMS 0x000000008a700000| PB 0x000000008a700000| Complete 
| 168|0x000000008a800000, 0x000000008a900000, 0x000000008a900000|100%|HC|  |TAMS 0x000000008a800000| PB 0x000000008a800000| Complete 
| 169|0x000000008a900000, 0x000000008aa00000, 0x000000008aa00000|100%|HS|  |TAMS 0x000000008a900000| PB 0x000000008a900000| Complete 
| 170|0x000000008aa00000, 0x000000008ab00000, 0x000000008ab00000|100%|HC|  |TAMS 0x000000008aa00000| PB 0x000000008aa00000| Complete 
| 171|0x000000008ab00000, 0x000000008ac00000, 0x000000008ac00000|100%|HS|  |TAMS 0x000000008ab00000| PB 0x000000008ab00000| Complete 
| 172|0x000000008ac00000, 0x000000008ad00000, 0x000000008ad00000|100%|HC|  |TAMS 0x000000008ac00000| PB 0x000000008ac00000| Complete 
| 173|0x000000008ad00000, 0x000000008ae00000, 0x000000008ae00000|100%|HS|  |TAMS 0x000000008ad00000| PB 0x000000008ad00000| Complete 
| 174|0x000000008ae00000, 0x000000008af00000, 0x000000008af00000|100%|HC|  |TAMS 0x000000008ae00000| PB 0x000000008ae00000| Complete 
| 175|0x000000008af00000, 0x000000008b000000, 0x000000008b000000|100%|HS|  |TAMS 0x000000008af00000| PB 0x000000008af00000| Complete 
| 176|0x000000008b000000, 0x000000008b100000, 0x000000008b100000|100%|HC|  |TAMS 0x000000008b000000| PB 0x000000008b000000| Complete 
| 177|0x000000008b100000, 0x000000008b200000, 0x000000008b200000|100%|HS|  |TAMS 0x000000008b100000| PB 0x000000008b100000| Complete 
| 178|0x000000008b200000, 0x000000008b300000, 0x000000008b300000|100%|HC|  |TAMS 0x000000008b200000| PB 0x000000008b200000| Complete 
| 179|0x000000008b300000, 0x000000008b400000, 0x000000008b400000|100%|HS|  |TAMS 0x000000008b300000| PB 0x000000008b300000| Complete 
| 180|0x000000008b400000, 0x000000008b500000, 0x000000008b500000|100%|HC|  |TAMS 0x000000008b400000| PB 0x000000008b400000| Complete 
| 181|0x000000008b500000, 0x000000008b600000, 0x000000008b600000|100%|HS|  |TAMS 0x000000008b500000| PB 0x000000008b500000| Complete 
| 182|0x000000008b600000, 0x000000008b700000, 0x000000008b700000|100%|HC|  |TAMS 0x000000008b600000| PB 0x000000008b600000| Complete 
| 183|0x000000008b700000, 0x000000008b800000, 0x000000008b800000|100%|HS|  |TAMS 0x000000008b700000| PB 0x000000008b700000| Complete 
| 184|0x000000008b800000, 0x000000008b800000, 0x000000008b900000|  0%| F|  |TAMS 0x000000008b800000| PB 0x000000008b800000| Untracked 
| 185|0x000000008b900000, 0x000000008b900000, 0x000000008ba00000|  0%| F|  |TAMS 0x000000008b900000| PB 0x000000008b900000| Untracked 
| 186|0x000000008ba00000, 0x000000008ba00000, 0x000000008bb00000|  0%| F|  |TAMS 0x000000008ba00000| PB 0x000000008ba00000| Untracked 
| 187|0x000000008bb00000, 0x000000008bb00000, 0x000000008bc00000|  0%| F|  |TAMS 0x000000008bb00000| PB 0x000000008bb00000| Untracked 
| 188|0x000000008bc00000, 0x000000008bc00000, 0x000000008bd00000|  0%| F|  |TAMS 0x000000008bc00000| PB 0x000000008bc00000| Untracked 
| 189|0x000000008bd00000, 0x000000008bd00000, 0x000000008be00000|  0%| F|  |TAMS 0x000000008bd00000| PB 0x000000008bd00000| Untracked 
| 190|0x000000008be00000, 0x000000008be00000, 0x000000008bf00000|  0%| F|  |TAMS 0x000000008be00000| PB 0x000000008be00000| Untracked 
| 191|0x000000008bf00000, 0x000000008bf00000, 0x000000008c000000|  0%| F|  |TAMS 0x000000008bf00000| PB 0x000000008bf00000| Untracked 
| 192|0x000000008c000000, 0x000000008c000000, 0x000000008c100000|  0%| F|  |TAMS 0x000000008c000000| PB 0x000000008c000000| Untracked 
| 193|0x000000008c100000, 0x000000008c100000, 0x000000008c200000|  0%| F|  |TAMS 0x000000008c100000| PB 0x000000008c100000| Untracked 
| 194|0x000000008c200000, 0x000000008c200000, 0x000000008c300000|  0%| F|  |TAMS 0x000000008c200000| PB 0x000000008c200000| Untracked 
| 195|0x000000008c300000, 0x000000008c300000, 0x000000008c400000|  0%| F|  |TAMS 0x000000008c300000| PB 0x000000008c300000| Untracked 
| 196|0x000000008c400000, 0x000000008c400000, 0x000000008c500000|  0%| F|  |TAMS 0x000000008c400000| PB 0x000000008c400000| Untracked 
| 197|0x000000008c500000, 0x000000008c500000, 0x000000008c600000|  0%| F|  |TAMS 0x000000008c500000| PB 0x000000008c500000| Untracked 
| 198|0x000000008c600000, 0x000000008c600000, 0x000000008c700000|  0%| F|  |TAMS 0x000000008c600000| PB 0x000000008c600000| Untracked 
| 199|0x000000008c700000, 0x000000008c700000, 0x000000008c800000|  0%| F|  |TAMS 0x000000008c700000| PB 0x000000008c700000| Untracked 
| 200|0x000000008c800000, 0x000000008c800000, 0x000000008c900000|  0%| F|  |TAMS 0x000000008c800000| PB 0x000000008c800000| Untracked 
| 201|0x000000008c900000, 0x000000008c900000, 0x000000008ca00000|  0%| F|  |TAMS 0x000000008c900000| PB 0x000000008c900000| Untracked 
| 202|0x000000008ca00000, 0x000000008ca00000, 0x000000008cb00000|  0%| F|  |TAMS 0x000000008ca00000| PB 0x000000008ca00000| Untracked 
| 203|0x000000008cb00000, 0x000000008cb00000, 0x000000008cc00000|  0%| F|  |TAMS 0x000000008cb00000| PB 0x000000008cb00000| Untracked 
| 204|0x000000008cc00000, 0x000000008cc00000, 0x000000008cd00000|  0%| F|  |TAMS 0x000000008cc00000| PB 0x000000008cc00000| Untracked 
| 205|0x000000008cd00000, 0x000000008cd00000, 0x000000008ce00000|  0%| F|  |TAMS 0x000000008cd00000| PB 0x000000008cd00000| Untracked 
| 206|0x000000008ce00000, 0x000000008ce00000, 0x000000008cf00000|  0%| F|  |TAMS 0x000000008ce00000| PB 0x000000008ce00000| Untracked 
| 207|0x000000008cf00000, 0x000000008cf00000, 0x000000008d000000|  0%| F|  |TAMS 0x000000008cf00000| PB 0x000000008cf00000| Untracked 
| 208|0x000000008d000000, 0x000000008d000000, 0x000000008d100000|  0%| F|  |TAMS 0x000000008d000000| PB 0x000000008d000000| Untracked 
| 209|0x000000008d100000, 0x000000008d100000, 0x000000008d200000|  0%| F|  |TAMS 0x000000008d100000| PB 0x000000008d100000| Untracked 
| 210|0x000000008d200000, 0x000000008d200000, 0x000000008d300000|  0%| F|  |TAMS 0x000000008d200000| PB 0x000000008d200000| Untracked 
| 211|0x000000008d300000, 0x000000008d300000, 0x000000008d400000|  0%| F|  |TAMS 0x000000008d300000| PB 0x000000008d300000| Untracked 
| 212|0x000000008d400000, 0x000000008d400000, 0x000000008d500000|  0%| F|  |TAMS 0x000000008d400000| PB 0x000000008d400000| Untracked 
| 213|0x000000008d500000, 0x000000008d500000, 0x000000008d600000|  0%| F|  |TAMS 0x000000008d500000| PB 0x000000008d500000| Untracked 
| 214|0x000000008d600000, 0x000000008d600000, 0x000000008d700000|  0%| F|  |TAMS 0x000000008d600000| PB 0x000000008d600000| Untracked 
| 215|0x000000008d700000, 0x000000008d700000, 0x000000008d800000|  0%| F|  |TAMS 0x000000008d700000| PB 0x000000008d700000| Untracked 
| 216|0x000000008d800000, 0x000000008d800000, 0x000000008d900000|  0%| F|  |TAMS 0x000000008d800000| PB 0x000000008d800000| Untracked 
| 217|0x000000008d900000, 0x000000008d900000, 0x000000008da00000|  0%| F|  |TAMS 0x000000008d900000| PB 0x000000008d900000| Untracked 
| 218|0x000000008da00000, 0x000000008da00000, 0x000000008db00000|  0%| F|  |TAMS 0x000000008da00000| PB 0x000000008da00000| Untracked 
| 219|0x000000008db00000, 0x000000008db00000, 0x000000008dc00000|  0%| F|  |TAMS 0x000000008db00000| PB 0x000000008db00000| Untracked 
| 220|0x000000008dc00000, 0x000000008dc00000, 0x000000008dd00000|  0%| F|  |TAMS 0x000000008dc00000| PB 0x000000008dc00000| Untracked 
| 221|0x000000008dd00000, 0x000000008dd00000, 0x000000008de00000|  0%| F|  |TAMS 0x000000008dd00000| PB 0x000000008dd00000| Untracked 
| 222|0x000000008de00000, 0x000000008de00000, 0x000000008df00000|  0%| F|  |TAMS 0x000000008de00000| PB 0x000000008de00000| Untracked 
| 223|0x000000008df00000, 0x000000008df00000, 0x000000008e000000|  0%| F|  |TAMS 0x000000008df00000| PB 0x000000008df00000| Untracked 
| 224|0x000000008e000000, 0x000000008e000000, 0x000000008e100000|  0%| F|  |TAMS 0x000000008e000000| PB 0x000000008e000000| Untracked 
| 225|0x000000008e100000, 0x000000008e100000, 0x000000008e200000|  0%| F|  |TAMS 0x000000008e100000| PB 0x000000008e100000| Untracked 
| 226|0x000000008e200000, 0x000000008e200000, 0x000000008e300000|  0%| F|  |TAMS 0x000000008e200000| PB 0x000000008e200000| Untracked 
| 227|0x000000008e300000, 0x000000008e300000, 0x000000008e400000|  0%| F|  |TAMS 0x000000008e300000| PB 0x000000008e300000| Untracked 
| 228|0x000000008e400000, 0x000000008e400000, 0x000000008e500000|  0%| F|  |TAMS 0x000000008e400000| PB 0x000000008e400000| Untracked 
| 229|0x000000008e500000, 0x000000008e500000, 0x000000008e600000|  0%| F|  |TAMS 0x000000008e500000| PB 0x000000008e500000| Untracked 
| 230|0x000000008e600000, 0x000000008e600000, 0x000000008e700000|  0%| F|  |TAMS 0x000000008e600000| PB 0x000000008e600000| Untracked 
| 231|0x000000008e700000, 0x000000008e7f65e0, 0x000000008e800000| 96%| S|CS|TAMS 0x000000008e700000| PB 0x000000008e700000| Complete 
| 251|0x000000008fb00000, 0x000000008fb00000, 0x000000008fc00000|  0%| F|  |TAMS 0x000000008fb00000| PB 0x000000008fb00000| Untracked 
|2042|0x00000000ffa00000, 0x00000000ffabc3c0, 0x00000000ffb00000| 73%| E|  |TAMS 0x00000000ffa00000| PB 0x00000000ffa00000| Complete 
|2043|0x00000000ffb00000, 0x00000000ffc00000, 0x00000000ffc00000|100%| E|  |TAMS 0x00000000ffb00000| PB 0x00000000ffb00000| Complete 
|2044|0x00000000ffc00000, 0x00000000ffd00000, 0x00000000ffd00000|100%| O|  |TAMS 0x00000000ffd00000| PB 0x00000000ffd00000| Untracked 
|2045|0x00000000ffd00000, 0x00000000ffe00000, 0x00000000ffe00000|100%| O|  |TAMS 0x00000000ffe00000| PB 0x00000000ffe00000| Untracked 
|2046|0x00000000ffe00000, 0x00000000fff00000, 0x00000000fff00000|100%| O|  |TAMS 0x00000000fff00000| PB 0x00000000fff00000| Untracked 
|2047|0x00000000fff00000, 0x0000000100000000, 0x0000000100000000|100%| O|  |TAMS 0x0000000100000000| PB 0x0000000100000000| Untracked 

Card table byte_map: [0x0000020ffeef0000,0x0000020fff2f0000] _byte_map_base: 0x0000020ffeaf0000

Marking Bits: (CMBitMap*) 0x0000020ffe52d720
 Bits: [0x0000020f97630000, 0x0000020f99630000)

Polling page: 0x0000020ffc300000

Metaspace:

Usage:
  Non-class:    113.64 MB used.
      Class:     18.34 MB used.
       Both:    131.98 MB used.

Virtual space:
  Non-class space:      128.00 MB reserved,     114.94 MB ( 90%) committed,  2 nodes.
      Class space:        1.00 GB reserved,      19.62 MB (  2%) committed,  1 nodes.
             Both:        1.12 GB reserved,     134.56 MB ( 12%) committed. 

Chunk freelists:
   Non-Class:  13.00 MB
       Class:  12.37 MB
        Both:  25.37 MB

MaxMetaspaceSize: unlimited
CompressedClassSpaceSize: 1.00 GB
Initial GC threshold: 21.00 MB
Current GC threshold: 211.88 MB
CDS: on
 - commit_granule_bytes: 65536.
 - commit_granule_words: 8192.
 - virtual_space_node_default_size: 8388608.
 - enlarge_chunks_in_place: 1.
 - use_allocation_guard: 0.


Internal statistics:

num_allocs_failed_limit: 12.
num_arena_births: 4612.
num_arena_deaths: 50.
num_vsnodes_births: 3.
num_vsnodes_deaths: 0.
num_space_committed: 2152.
num_space_uncommitted: 1.
num_chunks_returned_to_freelist: 102.
num_chunks_taken_from_freelist: 10634.
num_chunk_merges: 31.
num_chunk_splits: 7113.
num_chunks_enlarged: 4722.
num_inconsistent_stats: 0.

CodeHeap 'non-profiled nmethods': size=120000Kb used=9299Kb max_used=9651Kb free=110700Kb
 bounds [0x0000020f90100000, 0x0000020f90a70000, 0x0000020f97630000]
CodeHeap 'profiled nmethods': size=120000Kb used=28124Kb max_used=29000Kb free=91875Kb
 bounds [0x0000020f88630000, 0x0000020f8a290000, 0x0000020f8fb60000]
CodeHeap 'non-nmethods': size=5760Kb used=2261Kb max_used=2334Kb free=3498Kb
 bounds [0x0000020f8fb60000, 0x0000020f8fdd0000, 0x0000020f90100000]
 total_blobs=15995 nmethods=15048 adapters=850
 compilation: enabled
              stopped_count=0, restarted_count=0
 full_count=0

Compilation events (20 events):
Event: 22.480 Thread 0x0000020f9b6ddd80 nmethod 18465 0x0000020f90a64410 code [0x0000020f90a645a0, 0x0000020f90a648f8]
Event: 22.487 Thread 0x0000020fe79b6bc0 nmethod 18436 0x0000020f90a64a90 code [0x0000020f90a64f20, 0x0000020f90a692f8]
Event: 22.489 Thread 0x0000020f9b6df9b0 18497       3       jdk.internal.misc.Unsafe::loadFence (5 bytes)
Event: 22.489 Thread 0x0000020f9b6df9b0 nmethod 18497 0x0000020f8a27fa10 code [0x0000020f8a27fba0, 0x0000020f8a27fcc0]
Event: 22.504 Thread 0x0000020f9b6ddd80 18498       4       org.gradle.internal.snapshot.ChildMap$Entry::withNode (22 bytes)
Event: 22.506 Thread 0x0000020f9b6df9b0 18499       3       org.gradle.internal.vfs.impl.VersionHierarchy$1::handleAsDescendantOfChild (10 bytes)
Event: 22.506 Thread 0x0000020f9b6df9b0 nmethod 18499 0x0000020f8a27fd90 code [0x0000020f8a27ff60, 0x0000020f8a280260]
Event: 22.507 Thread 0x0000020f9b6df9b0 18500       3       org.gradle.internal.vfs.impl.VersionHierarchy$1::handleAsDescendantOfChild (13 bytes)
Event: 22.507 Thread 0x0000020f9b6df9b0 nmethod 18500 0x0000020f8a280390 code [0x0000020f8a280540, 0x0000020f8a2806e0]
Event: 22.534 Thread 0x0000020f9b6ddd80 nmethod 18498 0x0000020f90a6ba90 code [0x0000020f90a6bd00, 0x0000020f90a6c710]
Event: 22.555 Thread 0x0000020fe79b6bc0 18501       4       org.gradle.internal.hash.Hashing$MessageDigestHashFunction::newPrimitiveHasher (14 bytes)
Event: 22.556 Thread 0x0000020f9b6df9b0 18502       3       com.google.common.cache.LocalCache$Segment::cleanUp (21 bytes)
Event: 22.557 Thread 0x0000020f9b6ddd80 18503       4       java.util.function.Predicate$$Lambda/0x0000020f9d137b50::test (15 bytes)
Event: 22.557 Thread 0x0000020f9b6df9b0 nmethod 18502 0x0000020f8a280810 code [0x0000020f8a280a00, 0x0000020f8a280ed0]
Event: 22.565 Thread 0x0000020f9b6df9b0 18504       3       com.google.common.base.Preconditions::checkPositionIndexes (29 bytes)
Event: 22.565 Thread 0x0000020f9b6df9b0 nmethod 18504 0x0000020f8a281090 code [0x0000020f8a281260, 0x0000020f8a2814f0]
Event: 22.566 Thread 0x0000020f9b6df9b0 18505       3       org.gradle.internal.hash.Hashing$MessageDigestHasher::putBytes (11 bytes)
Event: 22.566 Thread 0x0000020f9b6df9b0 nmethod 18505 0x0000020f8a281610 code [0x0000020f8a2817e0, 0x0000020f8a281b28]
Event: 22.566 Thread 0x0000020f9b6df9b0 18506       3       com.google.common.io.ByteStreams$1::write (15 bytes)
Event: 22.567 Thread 0x0000020f9b6df9b0 nmethod 18506 0x0000020f8a281c90 code [0x0000020f8a281e60, 0x0000020f8a282110]

GC Heap History (20 events):
Event: 16.537 GC heap before
{Heap before GC invocations=37 (full 0):
 garbage-first heap   total 173056K, used 155462K [0x0000000080000000, 0x0000000100000000)
  region size 1024K, 37 young (37888K), 6 survivors (6144K)
 Metaspace       used 111325K, committed 113728K, reserved 1179648K
  class space    used 15065K, committed 16256K, reserved 1048576K
}
Event: 16.542 GC heap after
{Heap after GC invocations=38 (full 0):
 garbage-first heap   total 173056K, used 126089K [0x0000000080000000, 0x0000000100000000)
  region size 1024K, 3 young (3072K), 3 survivors (3072K)
 Metaspace       used 111325K, committed 113728K, reserved 1179648K
  class space    used 15065K, committed 16256K, reserved 1048576K
}
Event: 16.985 GC heap before
{Heap before GC invocations=39 (full 0):
 garbage-first heap   total 211968K, used 156809K [0x0000000080000000, 0x0000000100000000)
  region size 1024K, 34 young (34816K), 3 survivors (3072K)
 Metaspace       used 111626K, committed 114048K, reserved 1179648K
  class space    used 15109K, committed 16320K, reserved 1048576K
}
Event: 16.989 GC heap after
{Heap after GC invocations=40 (full 0):
 garbage-first heap   total 211968K, used 127759K [0x0000000080000000, 0x0000000100000000)
  region size 1024K, 5 young (5120K), 5 survivors (5120K)
 Metaspace       used 111626K, committed 114048K, reserved 1179648K
  class space    used 15109K, committed 16320K, reserved 1048576K
}
Event: 17.370 GC heap before
{Heap before GC invocations=40 (full 0):
 garbage-first heap   total 211968K, used 185103K [0x0000000080000000, 0x0000000100000000)
  region size 1024K, 62 young (63488K), 5 survivors (5120K)
 Metaspace       used 111797K, committed 114176K, reserved 1179648K
  class space    used 15122K, committed 16320K, reserved 1048576K
}
Event: 17.375 GC heap after
{Heap after GC invocations=41 (full 0):
 garbage-first heap   total 211968K, used 128062K [0x0000000080000000, 0x0000000100000000)
  region size 1024K, 7 young (7168K), 7 survivors (7168K)
 Metaspace       used 111797K, committed 114176K, reserved 1179648K
  class space    used 15122K, committed 16320K, reserved 1048576K
}
Event: 17.728 GC heap before
{Heap before GC invocations=41 (full 0):
 garbage-first heap   total 211968K, used 187454K [0x0000000080000000, 0x0000000100000000)
  region size 1024K, 66 young (67584K), 7 survivors (7168K)
 Metaspace       used 111922K, committed 114304K, reserved 1179648K
  class space    used 15132K, committed 16320K, reserved 1048576K
}
Event: 17.736 GC heap after
{Heap after GC invocations=42 (full 0):
 garbage-first heap   total 211968K, used 132126K [0x0000000080000000, 0x0000000100000000)
  region size 1024K, 9 young (9216K), 9 survivors (9216K)
 Metaspace       used 111922K, committed 114304K, reserved 1179648K
  class space    used 15132K, committed 16320K, reserved 1048576K
}
Event: 18.489 GC heap before
{Heap before GC invocations=43 (full 0):
 garbage-first heap   total 222208K, used 190494K [0x0000000080000000, 0x0000000100000000)
  region size 1024K, 65 young (66560K), 9 survivors (9216K)
 Metaspace       used 113430K, committed 115904K, reserved 1179648K
  class space    used 15350K, committed 16576K, reserved 1048576K
}
Event: 18.499 GC heap after
{Heap after GC invocations=44 (full 0):
 garbage-first heap   total 222208K, used 139128K [0x0000000080000000, 0x0000000100000000)
  region size 1024K, 9 young (9216K), 9 survivors (9216K)
 Metaspace       used 113430K, committed 115904K, reserved 1179648K
  class space    used 15350K, committed 16576K, reserved 1048576K
}
Event: 19.293 GC heap before
{Heap before GC invocations=44 (full 0):
 garbage-first heap   total 222208K, used 199544K [0x0000000080000000, 0x0000000100000000)
  region size 1024K, 69 young (70656K), 9 survivors (9216K)
 Metaspace       used 120854K, committed 123264K, reserved 1179648K
  class space    used 16395K, committed 17600K, reserved 1048576K
}
Event: 19.304 GC heap after
{Heap after GC invocations=45 (full 0):
 garbage-first heap   total 222208K, used 139817K [0x0000000080000000, 0x0000000100000000)
  region size 1024K, 3 young (3072K), 3 survivors (3072K)
 Metaspace       used 120854K, committed 123264K, reserved 1179648K
  class space    used 16395K, committed 17600K, reserved 1048576K
}
Event: 19.837 GC heap before
{Heap before GC invocations=45 (full 0):
 garbage-first heap   total 222208K, used 203305K [0x0000000080000000, 0x0000000100000000)
  region size 1024K, 66 young (67584K), 3 survivors (3072K)
 Metaspace       used 127166K, committed 129728K, reserved 1179648K
  class space    used 17536K, committed 18816K, reserved 1048576K
}
Event: 19.843 GC heap after
{Heap after GC invocations=46 (full 0):
 garbage-first heap   total 222208K, used 146896K [0x0000000080000000, 0x0000000100000000)
  region size 1024K, 9 young (9216K), 9 survivors (9216K)
 Metaspace       used 127166K, committed 129728K, reserved 1179648K
  class space    used 17536K, committed 18816K, reserved 1048576K
}
Event: 20.496 GC heap before
{Heap before GC invocations=47 (full 0):
 garbage-first heap   total 244736K, used 197072K [0x0000000080000000, 0x0000000100000000)
  region size 1024K, 60 young (61440K), 9 survivors (9216K)
 Metaspace       used 130626K, committed 133184K, reserved 1179648K
  class space    used 18210K, committed 19520K, reserved 1048576K
}
Event: 20.502 GC heap after
{Heap after GC invocations=48 (full 0):
 garbage-first heap   total 244736K, used 141032K [0x0000000080000000, 0x0000000100000000)
  region size 1024K, 2 young (2048K), 2 survivors (2048K)
 Metaspace       used 130626K, committed 133184K, reserved 1179648K
  class space    used 18210K, committed 19520K, reserved 1048576K
}
Event: 22.334 GC heap before
{Heap before GC invocations=48 (full 0):
 garbage-first heap   total 244736K, used 222952K [0x0000000080000000, 0x0000000100000000)
  region size 1024K, 83 young (84992K), 2 survivors (2048K)
 Metaspace       used 135071K, committed 137664K, reserved 1179648K
  class space    used 18779K, committed 20096K, reserved 1048576K
}
Event: 22.343 GC heap after
{Heap after GC invocations=49 (full 0):
 garbage-first heap   total 244736K, used 141272K [0x0000000080000000, 0x0000000100000000)
  region size 1024K, 8 young (8192K), 8 survivors (8192K)
 Metaspace       used 135071K, committed 137664K, reserved 1179648K
  class space    used 18779K, committed 20096K, reserved 1048576K
}
Event: 22.412 GC heap before
{Heap before GC invocations=49 (full 0):
 garbage-first heap   total 244736K, used 142296K [0x0000000080000000, 0x0000000100000000)
  region size 1024K, 11 young (11264K), 8 survivors (8192K)
 Metaspace       used 135144K, committed 137728K, reserved 1179648K
  class space    used 18787K, committed 20096K, reserved 1048576K
}
Event: 22.424 GC heap after
{Heap after GC invocations=50 (full 0):
 garbage-first heap   total 244736K, used 142371K [0x0000000080000000, 0x0000000100000000)
  region size 1024K, 1 young (1024K), 1 survivors (1024K)
 Metaspace       used 135144K, committed 137728K, reserved 1179648K
  class space    used 18787K, committed 20096K, reserved 1048576K
}

Dll operation events (15 events):
Event: 0.012 Loaded shared library D:\gradle_cache\jdks\eclipse_adoptium-21-amd64-windows.2\bin\java.dll
Event: 0.041 Loaded shared library D:\gradle_cache\jdks\eclipse_adoptium-21-amd64-windows.2\bin\jsvml.dll
Event: 0.071 Loaded shared library D:\gradle_cache\jdks\eclipse_adoptium-21-amd64-windows.2\bin\zip.dll
Event: 0.074 Loaded shared library D:\gradle_cache\jdks\eclipse_adoptium-21-amd64-windows.2\bin\instrument.dll
Event: 0.077 Loaded shared library D:\gradle_cache\jdks\eclipse_adoptium-21-amd64-windows.2\bin\net.dll
Event: 0.080 Loaded shared library D:\gradle_cache\jdks\eclipse_adoptium-21-amd64-windows.2\bin\nio.dll
Event: 0.082 Loaded shared library D:\gradle_cache\jdks\eclipse_adoptium-21-amd64-windows.2\bin\zip.dll
Event: 0.186 Loaded shared library D:\gradle_cache\jdks\eclipse_adoptium-21-amd64-windows.2\bin\jimage.dll
Event: 0.347 Loaded shared library D:\gradle_cache\jdks\eclipse_adoptium-21-amd64-windows.2\bin\verify.dll
Event: 0.381 Loaded shared library D:\gradle_cache\native\660c5614fbf4a5f2a75b1949f50a0caf5cd603558e7d8a26e50b933a0cfb79d1\windows-amd64\native-platform.dll
Event: 0.393 Loaded shared library D:\gradle_cache\native\0.2.8\x86_64-windows-gnu\gradle-fileevents.dll
Event: 1.035 Loaded shared library D:\gradle_cache\jdks\eclipse_adoptium-21-amd64-windows.2\bin\management.dll
Event: 1.040 Loaded shared library D:\gradle_cache\jdks\eclipse_adoptium-21-amd64-windows.2\bin\management_ext.dll
Event: 1.156 Loaded shared library D:\gradle_cache\jdks\eclipse_adoptium-21-amd64-windows.2\bin\extnet.dll
Event: 1.333 Loaded shared library D:\gradle_cache\jdks\eclipse_adoptium-21-amd64-windows.2\bin\sunmscapi.dll

Deoptimization events (20 events):
Event: 22.430 Thread 0x0000020fed43e830 Uncommon trap: trap_request=0xffffff45 fr.pc=0x0000020f90a51bf8 relative=0x0000000000000b98
Event: 22.430 Thread 0x0000020fed43e830 Uncommon trap: reason=unstable_if action=reinterpret pc=0x0000020f90a51bf8 method=java.lang.ThreadLocal.get(Ljava/lang/Thread;)Ljava/lang/Object; @ 7 c2
Event: 22.430 Thread 0x0000020fed43e830 DEOPT PACKING pc=0x0000020f90a51bf8 sp=0x000000ae0edfed30
Event: 22.430 Thread 0x0000020fed43e830 DEOPT UNPACKING pc=0x0000020f8fbb46a2 sp=0x000000ae0edfeb70 mode 2
Event: 22.436 Thread 0x0000020fe8df74c0 Uncommon trap: trap_request=0xffffff45 fr.pc=0x0000020f903a18f8 relative=0x0000000000000138
Event: 22.436 Thread 0x0000020fe8df74c0 Uncommon trap: reason=unstable_if action=reinterpret pc=0x0000020f903a18f8 method=java.lang.ThreadLocal.get(Ljava/lang/Thread;)Ljava/lang/Object; @ 7 c2
Event: 22.436 Thread 0x0000020fe8df74c0 DEOPT PACKING pc=0x0000020f903a18f8 sp=0x000000ae0ecfed10
Event: 22.436 Thread 0x0000020fe8df74c0 DEOPT UNPACKING pc=0x0000020f8fbb46a2 sp=0x000000ae0ecfeca8 mode 2
Event: 22.495 Thread 0x0000020fe124e8e0 Uncommon trap: trap_request=0xffffffc6 fr.pc=0x0000020f90281c28 relative=0x0000000000000928
Event: 22.495 Thread 0x0000020fe124e8e0 Uncommon trap: reason=bimorphic_or_optimized_type_check action=maybe_recompile pc=0x0000020f90281c28 method=java.lang.Throwable.<init>(Ljava/lang/String;Ljava/lang/Throwable;)V @ 24 c2
Event: 22.495 Thread 0x0000020fe124e8e0 DEOPT PACKING pc=0x0000020f90281c28 sp=0x000000ae0d6fa9b0
Event: 22.495 Thread 0x0000020fe124e8e0 DEOPT UNPACKING pc=0x0000020f8fbb46a2 sp=0x000000ae0d6fa978 mode 2
Event: 22.557 Thread 0x0000020fe124e8e0 Uncommon trap: trap_request=0xffffffde fr.pc=0x0000020f90258230 relative=0x0000000000001cf0
Event: 22.558 Thread 0x0000020fe124e8e0 Uncommon trap: reason=class_check action=maybe_recompile pc=0x0000020f90258230 method=org.gradle.internal.snapshot.ChildMap$Entry.handleAncestorDescendantOrExactMatch(Lorg/gradle/internal/snapshot/VfsRelativePath;Lorg/gradle/internal/snapshot/CaseSensitiv
Event: 22.558 Thread 0x0000020fe124e8e0 DEOPT PACKING pc=0x0000020f90258230 sp=0x000000ae0d6fb300
Event: 22.558 Thread 0x0000020fe124e8e0 DEOPT UNPACKING pc=0x0000020f8fbb46a2 sp=0x000000ae0d6fb270 mode 2
Event: 22.559 Thread 0x0000020fe124e8e0 Uncommon trap: trap_request=0xffffffde fr.pc=0x0000020f90969ae0 relative=0x0000000000002060
Event: 22.559 Thread 0x0000020fe124e8e0 Uncommon trap: reason=class_check action=maybe_recompile pc=0x0000020f90969ae0 method=org.gradle.internal.snapshot.impl.DirectorySnapshotter$PathVisitor.snapshotFile(Ljava/nio/file/Path;Ljava/lang/String;Ljava/nio/file/attribute/BasicFileAttributes;Lorg/g
Event: 22.559 Thread 0x0000020fe124e8e0 DEOPT PACKING pc=0x0000020f90969ae0 sp=0x000000ae0d6faf40
Event: 22.559 Thread 0x0000020fe124e8e0 DEOPT UNPACKING pc=0x0000020f8fbb46a2 sp=0x000000ae0d6fadd0 mode 2

Classes loaded (20 events):
Event: 22.153 Loading class java/util/concurrent/ForkJoinTask$AdaptedCallable
Event: 22.154 Loading class java/util/concurrent/ForkJoinTask$AdaptedCallable done
Event: 22.236 Loading class sun/security/rsa/RSACore$BlindingParameters
Event: 22.236 Loading class sun/security/rsa/RSACore$BlindingParameters done
Event: 22.236 Loading class sun/security/jca/JCAUtil$CachedSecureRandomHolder
Event: 22.237 Loading class sun/security/jca/JCAUtil$CachedSecureRandomHolder done
Event: 22.244 Loading class sun/security/rsa/RSACore$BlindingRandomPair
Event: 22.245 Loading class sun/security/rsa/RSACore$BlindingRandomPair done
Event: 22.264 Loading class java/security/DigestException
Event: 22.264 Loading class java/security/DigestException done
Event: 22.268 Loading class java/security/spec/InvalidKeySpecException
Event: 22.268 Loading class java/security/spec/InvalidKeySpecException done
Event: 22.395 Loading class java/nio/BufferOverflowException
Event: 22.396 Loading class java/nio/BufferOverflowException done
Event: 22.405 Loading class java/security/spec/MGF1ParameterSpec
Event: 22.405 Loading class java/security/spec/MGF1ParameterSpec done
Event: 22.411 Loading class java/util/concurrent/ForkJoinTask$AdaptedRunnableAction
Event: 22.412 Loading class java/util/concurrent/ForkJoinTask$AdaptedRunnableAction done
Event: 22.493 Loading class sun/misc/SharedSecrets
Event: 22.493 Loading class sun/misc/SharedSecrets done

Classes unloaded (20 events):
Event: 19.939 Thread 0x0000020fff6e7c00 Unloading class 0x0000020f9df94db0 'jdk/internal/jrtfs/SystemImage$1'
Event: 19.939 Thread 0x0000020fff6e7c00 Unloading class 0x0000020f9df94ba0 'jdk/internal/jrtfs/SystemImage'
Event: 19.939 Thread 0x0000020fff6e7c00 Unloading class 0x0000020f9df94948 'jdk/internal/jrtfs/JrtFileStore'
Event: 19.939 Thread 0x0000020fff6e7c00 Unloading class 0x0000020f9df945d8 'jdk/internal/jrtfs/JrtPath'
Event: 19.939 Thread 0x0000020fff6e7c00 Unloading class 0x0000020f9df942e8 'jdk/internal/jrtfs/JrtFileSystem'
Event: 19.939 Thread 0x0000020fff6e7c00 Unloading class 0x0000020f9df94000 'jdk/internal/jrtfs/JrtFileSystemProvider'
Event: 22.580 Thread 0x0000020fff6e7c00 Unloading class 0x0000020f9e25d800 'java/lang/invoke/LambdaForm$MH+0x0000020f9e25d800'
Event: 22.580 Thread 0x0000020fff6e7c00 Unloading class 0x0000020f9e25d000 'java/lang/invoke/LambdaForm$DMH+0x0000020f9e25d000'
Event: 22.580 Thread 0x0000020fff6e7c00 Unloading class 0x0000020f9e25c800 'java/lang/invoke/LambdaForm$DMH+0x0000020f9e25c800'
Event: 22.580 Thread 0x0000020fff6e7c00 Unloading class 0x0000020f9e254400 'java/lang/invoke/LambdaForm$DMH+0x0000020f9e254400'
Event: 22.580 Thread 0x0000020fff6e7c00 Unloading class 0x0000020f9e254000 'java/lang/invoke/LambdaForm$DMH+0x0000020f9e254000'
Event: 22.580 Thread 0x0000020fff6e7c00 Unloading class 0x0000020f9e21c400 'java/lang/invoke/LambdaForm$DMH+0x0000020f9e21c400'
Event: 22.580 Thread 0x0000020fff6e7c00 Unloading class 0x0000020f9e21c000 'java/lang/invoke/LambdaForm$DMH+0x0000020f9e21c000'
Event: 22.580 Thread 0x0000020fff6e7c00 Unloading class 0x0000020f9e1a4c00 'java/lang/invoke/LambdaForm$DMH+0x0000020f9e1a4c00'
Event: 22.580 Thread 0x0000020fff6e7c00 Unloading class 0x0000020f9e1a4400 'java/lang/invoke/LambdaForm$DMH+0x0000020f9e1a4400'
Event: 22.580 Thread 0x0000020fff6e7c00 Unloading class 0x0000020f9e1a4800 'java/lang/invoke/LambdaForm$DMH+0x0000020f9e1a4800'
Event: 22.580 Thread 0x0000020fff6e7c00 Unloading class 0x0000020f9e16c400 'java/lang/invoke/LambdaForm$DMH+0x0000020f9e16c400'
Event: 22.580 Thread 0x0000020fff6e7c00 Unloading class 0x0000020f9e161000 'java/lang/invoke/LambdaForm$DMH+0x0000020f9e161000'
Event: 22.580 Thread 0x0000020fff6e7c00 Unloading class 0x0000020f9e160c00 'java/lang/invoke/LambdaForm$DMH+0x0000020f9e160c00'
Event: 22.580 Thread 0x0000020fff6e7c00 Unloading class 0x0000020f9e160800 'java/lang/invoke/LambdaForm$DMH+0x0000020f9e160800'

Classes redefined (0 events):
No events

Internal exceptions (20 events):
Event: 21.019 Thread 0x0000020fe415f980 Exception <a 'java/lang/NoSuchMethodError'{0x000000008ca43898}: 'java.lang.Object java.lang.invoke.DirectMethodHandle$Holder.newInvokeSpecial(java.lang.Object, int, java.lang.Object, java.lang.Object, java.lang.Object)'> (0x000000008ca43898) 
thrown [s\src\hotspot\share\interpreter\linkResolver.cpp, line 773]
Event: 21.020 Thread 0x0000020fe415f980 Exception <a 'java/lang/NoSuchMethodError'{0x000000008ca47d38}: 'java.lang.Object java.lang.invoke.DirectMethodHandle$Holder.invokeSpecial(java.lang.Object, java.lang.Object, int, java.lang.Object, java.lang.Object, java.lang.Object)'> (0x000000008ca47d38) 
thrown [s\src\hotspot\share\interpreter\linkResolver.cpp, line 773]
Event: 21.160 Thread 0x0000020fe415f980 Exception <a 'sun/nio/fs/WindowsException'{0x000000008c415ba0}> (0x000000008c415ba0) 
thrown [s\src\hotspot\share\prims\jni.cpp, line 520]
Event: 21.231 Thread 0x0000020fe124e8e0 Exception <a 'sun/nio/fs/WindowsException'{0x000000008c392c48}> (0x000000008c392c48) 
thrown [s\src\hotspot\share\prims\jni.cpp, line 520]
Event: 21.620 Thread 0x0000020fe124e8e0 Exception <a 'java/lang/NoSuchMethodError'{0x000000008b1637d8}: static Lcom/android/build/api/variant/impl/SerializableApplicationMultiOutputHandler;.<clinit>()V> (0x000000008b1637d8) 
thrown [s\src\hotspot\share\prims\jni.cpp, line 1111]
Event: 21.621 Thread 0x0000020fe124e8e0 Exception <a 'java/lang/NoSuchMethodError'{0x000000008b179ba0}: static Lcom/android/build/api/variant/impl/VariantOutputImpl$SerializedForm;.<clinit>()V> (0x000000008b179ba0) 
thrown [s\src\hotspot\share\prims\jni.cpp, line 1111]
Event: 21.622 Thread 0x0000020fe124e8e0 Exception <a 'java/lang/NoSuchMethodError'{0x000000008b190810}: static Lcom/android/build/api/variant/impl/VariantOutputConfigurationImpl;.<clinit>()V> (0x000000008b190810) 
thrown [s\src\hotspot\share\prims\jni.cpp, line 1111]
Event: 21.709 Thread 0x0000020fe7483380 Exception <a 'sun/nio/fs/WindowsException'{0x000000008ae989f8}> (0x000000008ae989f8) 
thrown [s\src\hotspot\share\prims\jni.cpp, line 520]
Event: 21.863 Thread 0x0000020fe7483380 Exception <a 'java/lang/NoSuchMethodError'{0x000000008ad814f0}: 'java.lang.Object java.lang.invoke.DirectMethodHandle$Holder.newInvokeSpecial(java.lang.Object, java.lang.Object, java.lang.Object, java.lang.Object, java.lang.Object, int, java.lang.Object)'> (0x000000008ad814f0) 
thrown [s\src\hotspot\share\interpreter\linkResolver.cpp, line 773]
Event: 21.864 Thread 0x0000020fe7483380 Exception <a 'java/lang/NoSuchMethodError'{0x000000008ad856f8}: 'java.lang.Object java.lang.invoke.DirectMethodHandle$Holder.invokeSpecial(java.lang.Object, java.lang.Object, java.lang.Object, java.lang.Object, java.lang.Object, java.lang.Object, int, java.lang.Object)'> (0x000000008ad856f8) 
thrown [s\src\hotspot\share\interpreter\linkResolver.cpp, line 773]
Event: 21.865 Thread 0x0000020fe7483380 Exception <a 'java/lang/NoSuchMethodError'{0x000000008ad892e0}: 'java.lang.Object java.lang.invoke.Invokers$Holder.linkToTargetMethod(java.lang.Object, java.lang.Object, java.lang.Object, java.lang.Object, int, java.lang.Object, java.lang.Object)'> (0x000000008ad892e0) 
thrown [s\src\hotspot\share\interpreter\linkResolver.cpp, line 773]
Event: 21.887 Thread 0x0000020fe7483380 Exception <a 'java/lang/NoSuchMethodError'{0x000000008ac1aee8}: 'java.lang.Object java.lang.invoke.DirectMethodHandle$Holder.newInvokeSpecial(java.lang.Object, java.lang.Object, java.lang.Object, java.lang.Object, java.lang.Object, java.lang.Object, java.lang.Object, int)'> (0x000000008ac1aee8) 
thrown [s\src\hotspot\share\interpreter\linkResolver.cpp, line 773]
Event: 21.888 Thread 0x0000020fe7483380 Exception <a 'java/lang/NoSuchMethodError'{0x000000008ac1fa98}: 'java.lang.Object java.lang.invoke.DirectMethodHandle$Holder.invokeSpecial(java.lang.Object, java.lang.Object, java.lang.Object, java.lang.Object, java.lang.Object, java.lang.Object, java.lang.Object, java.lang.Object, int)'> (0x000000008ac1fa98) 
thrown [s\src\hotspot\share\interpreter\linkResolver.cpp, line 773]
Event: 21.888 Thread 0x0000020fe7483380 Exception <a 'java/lang/NoSuchMethodError'{0x000000008ac23cb0}: 'java.lang.Object java.lang.invoke.Invokers$Holder.linkToTargetMethod(java.lang.Object, java.lang.Object, java.lang.Object, java.lang.Object, java.lang.Object, java.lang.Object, int, java.lang.Object)'> (0x000000008ac23cb0) 
thrown [s\src\hotspot\share\interpreter\linkResolver.cpp, line 773]
Event: 22.157 Thread 0x0000020fe8df81e0 Implicit null exception at 0x0000020f90346f18 to 0x0000020f9034e964
Event: 22.157 Thread 0x0000020fe8df81e0 Implicit null exception at 0x0000020f909754ad to 0x0000020f90975da4
Event: 22.302 Thread 0x0000020fe7483380 Exception <a 'java/lang/NoSuchMethodError'{0x0000000089a329f8}: 'int java.lang.invoke.Invokers$Holder.invokeExact_MT(java.lang.Object, java.lang.Object, java.lang.Object)'> (0x0000000089a329f8) 
thrown [s\src\hotspot\share\interpreter\linkResolver.cpp, line 773]
Event: 22.430 Thread 0x0000020fed43e830 Implicit null exception at 0x0000020f90a510a7 to 0x0000020f90a51bdc
Event: 22.436 Thread 0x0000020fe8df74c0 Implicit null exception at 0x0000020f903a181c to 0x0000020f903a18dc
Event: 22.494 Thread 0x0000020fe7483380 Exception <a 'java/lang/ClassNotFoundException'{0x00000000ffb196b0}: sun/misc/SharedSecrets> (0x00000000ffb196b0) 
thrown [s\src\hotspot\share\classfile\systemDictionary.cpp, line 312]

ZGC Phase Switch (0 events):
No events

VM Operations (20 events):
Event: 21.165 Executing VM operation: ICBufferFull done
Event: 21.238 Executing VM operation: HandshakeAllThreads (Deoptimize)
Event: 21.238 Executing VM operation: HandshakeAllThreads (Deoptimize) done
Event: 21.687 Executing VM operation: ICBufferFull
Event: 21.687 Executing VM operation: ICBufferFull done
Event: 21.699 Executing VM operation: HandshakeAllThreads (Deoptimize)
Event: 21.699 Executing VM operation: HandshakeAllThreads (Deoptimize) done
Event: 21.725 Executing VM operation: HandshakeAllThreads (Deoptimize)
Event: 21.726 Executing VM operation: HandshakeAllThreads (Deoptimize) done
Event: 21.731 Executing VM operation: HandshakeAllThreads (Deoptimize)
Event: 21.731 Executing VM operation: HandshakeAllThreads (Deoptimize) done
Event: 21.868 Executing VM operation: HandshakeAllThreads (Deoptimize)
Event: 21.869 Executing VM operation: HandshakeAllThreads (Deoptimize) done
Event: 22.333 Executing VM operation: G1CollectForAllocation (G1 Evacuation Pause)
Event: 22.343 Executing VM operation: G1CollectForAllocation (G1 Evacuation Pause) done
Event: 22.412 Executing VM operation: G1TryInitiateConcMark (G1 Humongous Allocation)
Event: 22.424 Executing VM operation: G1TryInitiateConcMark (G1 Humongous Allocation) done
Event: 22.501 Executing VM operation: HandshakeAllThreads (Deoptimize)
Event: 22.501 Executing VM operation: HandshakeAllThreads (Deoptimize) done
Event: 22.578 Executing VM operation: G1PauseRemark

Memory protections (0 events):
No events

Nmethod flushes (20 events):
Event: 22.642 Thread 0x0000020fff6e7c00 flushing  nmethod 0x0000020f88a14f90
Event: 22.642 Thread 0x0000020fff6e7c00 flushing  nmethod 0x0000020f88a15f10
Event: 22.642 Thread 0x0000020fff6e7c00 flushing  nmethod 0x0000020f88a17110
Event: 22.642 Thread 0x0000020fff6e7c00 flushing  nmethod 0x0000020f88c9bc90
Event: 22.642 Thread 0x0000020fff6e7c00 flushing  nmethod 0x0000020f88d27890
Event: 22.642 Thread 0x0000020fff6e7c00 flushing  nmethod 0x0000020f88d2a510
Event: 22.642 Thread 0x0000020fff6e7c00 flushing  nmethod 0x0000020f88dd4390
Event: 22.642 Thread 0x0000020fff6e7c00 flushing  nmethod 0x0000020f89220e10
Event: 22.642 Thread 0x0000020fff6e7c00 flushing  nmethod 0x0000020f89222210
Event: 22.642 Thread 0x0000020fff6e7c00 flushing  nmethod 0x0000020f89328610
Event: 22.642 Thread 0x0000020fff6e7c00 flushing  nmethod 0x0000020f89329010
Event: 22.642 Thread 0x0000020fff6e7c00 flushing  nmethod 0x0000020f8932a310
Event: 22.642 Thread 0x0000020fff6e7c00 flushing  nmethod 0x0000020f89348010
Event: 22.642 Thread 0x0000020fff6e7c00 flushing  nmethod 0x0000020f89550810
Event: 22.642 Thread 0x0000020fff6e7c00 flushing  nmethod 0x0000020f89562490
Event: 22.642 Thread 0x0000020fff6e7c00 flushing  nmethod 0x0000020f899da110
Event: 22.642 Thread 0x0000020fff6e7c00 flushing  nmethod 0x0000020f89a13510
Event: 22.642 Thread 0x0000020fff6e7c00 flushing  nmethod 0x0000020f89a14590
Event: 22.642 Thread 0x0000020fff6e7c00 flushing  nmethod 0x0000020f89a1d310
Event: 22.642 Thread 0x0000020fff6e7c00 flushing  nmethod 0x0000020f89b8ad10

Events (20 events):
Event: 18.346 Thread 0x0000020fe124e8e0 Thread added: 0x0000020fe4160010
Event: 18.347 Thread 0x0000020fe124e8e0 Thread added: 0x0000020fe4160d30
Event: 18.348 Thread 0x0000020fe124e8e0 Thread added: 0x0000020fe41620e0
Event: 18.358 Thread 0x0000020fe124e8e0 Thread added: 0x0000020fe24a2080
Event: 19.251 Thread 0x0000020fe79b6bc0 Thread exited: 0x0000020fe79b6bc0
Event: 19.254 Thread 0x0000020fe79b1a00 Thread exited: 0x0000020fe79b1a00
Event: 19.329 Thread 0x0000020f9b6ddd80 Thread added: 0x0000020fe79b1a00
Event: 19.544 Thread 0x0000020f9b6df9b0 Thread added: 0x0000020fe79b6bc0
Event: 20.481 Thread 0x0000020fe4160d30 Thread exited: 0x0000020fe4160d30
Event: 22.156 Thread 0x0000020fe7483380 Thread added: 0x0000020fe8df81e0
Event: 22.425 Thread 0x0000020fe7483380 Thread added: 0x0000020fed0f0bf0
Event: 22.427 Thread 0x0000020fed0f0bf0 Thread added: 0x0000020fe8df74c0
Event: 22.428 Thread 0x0000020fe8df74c0 Thread added: 0x0000020fed43e830
Event: 22.429 Thread 0x0000020fed43e830 Thread added: 0x0000020fee8c8c70
Event: 22.430 Thread 0x0000020fee8c8c70 Thread added: 0x0000020fed440f90
Event: 22.431 Thread 0x0000020fed440f90 Thread added: 0x0000020fed7c8c00
Event: 22.433 Thread 0x0000020fed7c8c00 Thread added: 0x0000020fee8c78c0
Event: 22.436 Thread 0x0000020fee8c78c0 Thread added: 0x0000020fe8607b40
Event: 22.437 Thread 0x0000020fe8607b40 Thread added: 0x0000020fe415f2f0
Event: 22.438 Thread 0x0000020fe415f2f0 Thread added: 0x0000020fe124c180


Dynamic libraries:
0x00007ff7428e0000 - 0x00007ff7428ee000 	D:\gradle_cache\jdks\eclipse_adoptium-21-amd64-windows.2\bin\java.exe
0x00007ffa4d6a0000 - 0x00007ffa4d907000 	C:\WINDOWS\SYSTEM32\ntdll.dll
0x00007ffa4c6c0000 - 0x00007ffa4c789000 	C:\WINDOWS\System32\KERNEL32.DLL
0x00007ffa4aaf0000 - 0x00007ffa4aee7000 	C:\WINDOWS\System32\KERNELBASE.dll
0x00007ffa4afa0000 - 0x00007ffa4b0eb000 	C:\WINDOWS\System32\ucrtbase.dll
0x00007ffa0e060000 - 0x00007ffa0e07e000 	D:\gradle_cache\jdks\eclipse_adoptium-21-amd64-windows.2\bin\VCRUNTIME140.dll
0x00007ffa0e040000 - 0x00007ffa0e058000 	D:\gradle_cache\jdks\eclipse_adoptium-21-amd64-windows.2\bin\jli.dll
0x00007ffa4c2d0000 - 0x00007ffa4c496000 	C:\WINDOWS\System32\USER32.dll
0x00007ffa2fae0000 - 0x00007ffa2fd72000 	C:\WINDOWS\WinSxS\amd64_microsoft.windows.common-controls_6595b64144ccf1df_6.0.26100.8457_none_3e0b2faee331e92d\COMCTL32.dll
0x00007ffa4aac0000 - 0x00007ffa4aae7000 	C:\WINDOWS\System32\win32u.dll
0x00007ffa4d100000 - 0x00007ffa4d1a9000 	C:\WINDOWS\System32\msvcrt.dll
0x00007ffa4c4b0000 - 0x00007ffa4c4db000 	C:\WINDOWS\System32\GDI32.dll
0x00007ffa4b1a0000 - 0x00007ffa4b2cc000 	C:\WINDOWS\System32\gdi32full.dll
0x00007ffa4aef0000 - 0x00007ffa4af93000 	C:\WINDOWS\System32\msvcp_win.dll
0x00007ffa4c830000 - 0x00007ffa4c862000 	C:\WINDOWS\System32\IMM32.DLL
0x00007ffa2d580000 - 0x00007ffa2d58c000 	D:\gradle_cache\jdks\eclipse_adoptium-21-amd64-windows.2\bin\vcruntime140_1.dll
0x00007ff983c60000 - 0x00007ff983ced000 	D:\gradle_cache\jdks\eclipse_adoptium-21-amd64-windows.2\bin\msvcp140.dll
0x00007ff9519d0000 - 0x00007ff952760000 	D:\gradle_cache\jdks\eclipse_adoptium-21-amd64-windows.2\bin\server\jvm.dll
0x00007ffa4d040000 - 0x00007ffa4d0f6000 	C:\WINDOWS\System32\ADVAPI32.dll
0x00007ffa4bee0000 - 0x00007ffa4bf87000 	C:\WINDOWS\System32\sechost.dll
0x00007ffa4d540000 - 0x00007ffa4d658000 	C:\WINDOWS\System32\RPCRT4.dll
0x00007ffa4be40000 - 0x00007ffa4bec0000 	C:\WINDOWS\System32\WS2_32.dll
0x00007ffa48140000 - 0x00007ffa48176000 	C:\WINDOWS\SYSTEM32\WINMM.dll
0x00007ffa49f30000 - 0x00007ffa49f8e000 	C:\WINDOWS\SYSTEM32\POWRPROF.dll
0x00007ffa41230000 - 0x00007ffa4123b000 	C:\WINDOWS\SYSTEM32\VERSION.dll
0x00007ffa49f10000 - 0x00007ffa49f24000 	C:\WINDOWS\SYSTEM32\UMPDC.dll
0x00007ffa48e60000 - 0x00007ffa48e7b000 	C:\WINDOWS\SYSTEM32\kernel.appcore.dll
0x00007ffa2d130000 - 0x00007ffa2d13a000 	D:\gradle_cache\jdks\eclipse_adoptium-21-amd64-windows.2\bin\jimage.dll
0x00007ffa47ec0000 - 0x00007ffa48102000 	C:\WINDOWS\SYSTEM32\DBGHELP.DLL
0x00007ffa4d1b0000 - 0x00007ffa4d533000 	C:\WINDOWS\System32\combase.dll
0x00007ffa4bb40000 - 0x00007ffa4bc19000 	C:\WINDOWS\System32\OLEAUT32.dll
0x00007ffa47e80000 - 0x00007ffa47ebb000 	C:\WINDOWS\SYSTEM32\dbgcore.DLL
0x00007ffa4b0f0000 - 0x00007ffa4b198000 	C:\WINDOWS\System32\bcryptPrimitives.dll
0x00007ffa1e630000 - 0x00007ffa1e63f000 	D:\gradle_cache\jdks\eclipse_adoptium-21-amd64-windows.2\bin\instrument.dll
0x00007ffa0df30000 - 0x00007ffa0df4f000 	D:\gradle_cache\jdks\eclipse_adoptium-21-amd64-windows.2\bin\java.dll
0x00007ffa4c870000 - 0x00007ffa4cfde000 	C:\WINDOWS\System32\SHELL32.dll
0x00007ffa4a250000 - 0x00007ffa4aabc000 	C:\WINDOWS\System32\windows.storage.dll
0x00007ffa4ba40000 - 0x00007ffa4bb36000 	C:\WINDOWS\System32\SHCORE.dll
0x00007ffa4c240000 - 0x00007ffa4c2a6000 	C:\WINDOWS\System32\shlwapi.dll
0x00007ffa49ff0000 - 0x00007ffa4a019000 	C:\WINDOWS\SYSTEM32\profapi.dll
0x00007ff982e20000 - 0x00007ff982ef7000 	D:\gradle_cache\jdks\eclipse_adoptium-21-amd64-windows.2\bin\jsvml.dll
0x00007ffa0df10000 - 0x00007ffa0df28000 	D:\gradle_cache\jdks\eclipse_adoptium-21-amd64-windows.2\bin\zip.dll
0x00007ffa1e390000 - 0x00007ffa1e3a0000 	D:\gradle_cache\jdks\eclipse_adoptium-21-amd64-windows.2\bin\net.dll
0x00007ffa43bf0000 - 0x00007ffa43d19000 	C:\WINDOWS\SYSTEM32\WINHTTP.dll
0x00007ffa493d0000 - 0x00007ffa4943c000 	C:\WINDOWS\system32\mswsock.dll
0x00007ffa0def0000 - 0x00007ffa0df06000 	D:\gradle_cache\jdks\eclipse_adoptium-21-amd64-windows.2\bin\nio.dll
0x00007ffa1b3b0000 - 0x00007ffa1b3c0000 	D:\gradle_cache\jdks\eclipse_adoptium-21-amd64-windows.2\bin\verify.dll
0x00007ffa1e3e0000 - 0x00007ffa1e407000 	D:\gradle_cache\native\660c5614fbf4a5f2a75b1949f50a0caf5cd603558e7d8a26e50b933a0cfb79d1\windows-amd64\native-platform.dll
0x00007ff9a77d0000 - 0x00007ff9a7847000 	D:\gradle_cache\native\0.2.8\x86_64-windows-gnu\gradle-fileevents.dll
0x00007ffa14e60000 - 0x00007ffa14e6a000 	D:\gradle_cache\jdks\eclipse_adoptium-21-amd64-windows.2\bin\management.dll
0x00007ffa0dee0000 - 0x00007ffa0deeb000 	D:\gradle_cache\jdks\eclipse_adoptium-21-amd64-windows.2\bin\management_ext.dll
0x00007ffa4c820000 - 0x00007ffa4c828000 	C:\WINDOWS\System32\PSAPI.DLL
0x00007ffa48900000 - 0x00007ffa48932000 	C:\WINDOWS\SYSTEM32\IPHLPAPI.DLL
0x00007ffa4c790000 - 0x00007ffa4c79a000 	C:\WINDOWS\System32\NSI.dll
0x00007ffa0db20000 - 0x00007ffa0db29000 	D:\gradle_cache\jdks\eclipse_adoptium-21-amd64-windows.2\bin\extnet.dll
0x00007ffa496b0000 - 0x00007ffa496cb000 	C:\WINDOWS\SYSTEM32\CRYPTSP.dll
0x00007ffa48dc0000 - 0x00007ffa48df9000 	C:\WINDOWS\system32\rsaenh.dll
0x00007ffa49480000 - 0x00007ffa494b3000 	C:\WINDOWS\SYSTEM32\USERENV.dll
0x00007ffa49fc0000 - 0x00007ffa49fea000 	C:\WINDOWS\SYSTEM32\bcrypt.dll
0x00007ffa496d0000 - 0x00007ffa496dc000 	C:\WINDOWS\SYSTEM32\CRYPTBASE.dll
0x00007ffa0db00000 - 0x00007ffa0db0e000 	D:\gradle_cache\jdks\eclipse_adoptium-21-amd64-windows.2\bin\sunmscapi.dll
0x00007ffa4a0d0000 - 0x00007ffa4a248000 	C:\WINDOWS\System32\CRYPT32.dll
0x00007ffa498d0000 - 0x00007ffa49900000 	C:\WINDOWS\SYSTEM32\ncrypt.dll
0x00007ffa49880000 - 0x00007ffa498bf000 	C:\WINDOWS\SYSTEM32\NTASN1.dll
0x00007ffa17d40000 - 0x00007ffa17d48000 	C:\WINDOWS\system32\wshunix.dll

dbghelp: loaded successfully - version: 4.0.5 - missing functions: none
symbol engine: initialized successfully - sym options: 0x614 - pdb path: .;D:\gradle_cache\jdks\eclipse_adoptium-21-amd64-windows.2\bin;C:\WINDOWS\SYSTEM32;C:\WINDOWS\WinSxS\amd64_microsoft.windows.common-controls_6595b64144ccf1df_6.0.26100.8457_none_3e0b2faee331e92d;D:\gradle_cache\jdks\eclipse_adoptium-21-amd64-windows.2\bin\server;D:\gradle_cache\native\660c5614fbf4a5f2a75b1949f50a0caf5cd603558e7d8a26e50b933a0cfb79d1\windows-amd64;D:\gradle_cache\native\0.2.8\x86_64-windows-gnu

VM Arguments:
jvm_args: --add-opens=java.base/java.lang=ALL-UNNAMED --add-opens=java.base/java.lang.invoke=ALL-UNNAMED --add-opens=java.base/java.util=ALL-UNNAMED --add-opens=java.prefs/java.util.prefs=ALL-UNNAMED --add-exports=jdk.compiler/com.sun.tools.javac.api=ALL-UNNAMED --add-exports=jdk.compiler/com.sun.tools.javac.util=ALL-UNNAMED --add-opens=java.base/java.util=ALL-UNNAMED --add-opens=java.prefs/java.util.prefs=ALL-UNNAMED --add-opens=java.base/java.nio.charset=ALL-UNNAMED --add-opens=java.base/java.net=ALL-UNNAMED --add-opens=java.base/java.util.concurrent=ALL-UNNAMED --add-opens=java.base/java.util.concurrent.atomic=ALL-UNNAMED --add-opens=java.xml/javax.xml.namespace=ALL-UNNAMED --add-opens=java.base/java.time=ALL-UNNAMED -Xmx2048m -Dfile.encoding=UTF-8 -Duser.country=ID -Duser.language=en -Duser.variant -javaagent:D:\gradle_cache\wrapper\dists\gradle-9.4.1-bin\arn2x92ynaizyzdaamcbpbhtj\gradle-9.4.1\lib\agents\gradle-instrumentation-agent-9.4.1.jar 
java_command: org.gradle.launcher.daemon.bootstrap.GradleDaemon 9.4.1
java_class_path (initial): D:\gradle_cache\wrapper\dists\gradle-9.4.1-bin\arn2x92ynaizyzdaamcbpbhtj\gradle-9.4.1\lib\gradle-daemon-main-9.4.1.jar
Launcher Type: SUN_STANDARD

[Global flags]
     intx CICompilerCount                          = 4                                         {product} {ergonomic}
     uint ConcGCThreads                            = 3                                         {product} {ergonomic}
     uint G1ConcRefinementThreads                  = 10                                        {product} {ergonomic}
   size_t G1HeapRegionSize                         = 1048576                                   {product} {ergonomic}
    uintx GCDrainStackTargetSize                   = 64                                        {product} {ergonomic}
   size_t InitialHeapSize                          = 264241152                                 {product} {ergonomic}
   size_t MarkStackSize                            = 4194304                                   {product} {ergonomic}
   size_t MaxHeapSize                              = 2147483648                                {product} {command line}
   size_t MaxNewSize                               = 1287651328                                {product} {ergonomic}
   size_t MinHeapDeltaBytes                        = 1048576                                   {product} {ergonomic}
   size_t MinHeapSize                              = 8388608                                   {product} {ergonomic}
    uintx NonNMethodCodeHeapSize                   = 5839372                                {pd product} {ergonomic}
    uintx NonProfiledCodeHeapSize                  = 122909434                              {pd product} {ergonomic}
    uintx ProfiledCodeHeapSize                     = 122909434                              {pd product} {ergonomic}
    uintx ReservedCodeCacheSize                    = 251658240                              {pd product} {ergonomic}
     bool SegmentedCodeCache                       = true                                      {product} {ergonomic}
   size_t SoftMaxHeapSize                          = 2147483648                             {manageable} {ergonomic}
     bool UseCompressedOops                        = true                           {product lp64_product} {ergonomic}
     bool UseG1GC                                  = true                                      {product} {ergonomic}
     bool UseLargePagesIndividualAllocation        = false                                  {pd product} {ergonomic}

Logging:
Log output configuration:
 #0: stdout all=warning uptime,level,tags foldmultilines=false
 #1: stderr all=off uptime,level,tags foldmultilines=false

Environment Variables:
JAVA_HOME=C:\Program Files\Microsoft\jdk-17.0.19.10-hotspot\
PATH=c:\Users\Laptop\AppData\Roaming\Code\User\globalStorage\github.copilot-chat\debugCommand;c:\Users\Laptop\AppData\Roaming\Code\User\globalStorage\github.copilot-chat\copilotCli;C:\Program Files\Microsoft\jdk-17.0.19.10-hotspot\bin;C:\Program Files\Common Files\Oracle\Java\javapath;C:\Program Files (x86)\Common Files\Oracle\Java\java8path;C:\Program Files (x86)\Common Files\Oracle\Java\javapath;C:\Windows\system32;C:\Windows;C:\Windows\System32\Wbem;C:\Windows\System32\WindowsPowerShell\v1.0\;C:\Windows\System32\OpenSSH\;C:\Program Files (x86)\NVIDIA Corporation\PhysX\Common;C:\WINDOWS\system32;C:\WINDOWS;C:\WINDOWS\System32\Wbem;C:\WINDOWS\System32\WindowsPowerShell\v1.0\;C:\WINDOWS\System32\OpenSSH\;C:\MinGW\bin;D:\flutter\bin;C:\php-8.4.8;C:\FPC\3.2.2\bin\i386-Win32;C:\Program Files\NVIDIA Corporation\NVIDIA App\NvDLISR;C:\Program Files\nodejs\;C:\Program Files\Git\cmd;C:\Program Files\Java\jre1.8.0_471\bin;C:\Android\platform-tools;C:\Program Files\GitHub CLI\;C:\Users\Laptop\scoop\apps\maven\current\bin;C:\Users\Laptop\scoop\shims;C:\Users\Laptop\.local\bin;C:\Users\Laptop\AppData\Local\Programs\Python\Python313\Scripts\;C:\Users\Laptop\AppData\Local\Programs\Python\Python313\;C:\Users\Laptop\AppData\Local\Microsoft\WindowsApps;C:\Users\Laptop\AppData\Local\Programs\Microsoft VS Code\bin;C:\Users\Laptop\AppData\Roaming\npm;D:\Antigravity\bin;D:\IntelliJ IDEA 2025.3.2\bin;D:\Kiro\bin;D:\Windsurf\bin;D:\cursor\resources\app\bin;C:\Users\Laptop\AppData\Local\Programs\Zed\bin;D:\Antigravity\Antigravity IDE\bin;c:\Users\Laptop\.vscode\extensions\vscjava.vscode-java-debug-0.59.0\bundled\scripts\noConfigScripts
USERNAME=Laptop
LANG=en_US.UTF-8
OS=Windows_NT
PROCESSOR_IDENTIFIER=Intel64 Family 6 Model 154 Stepping 4, GenuineIntel
TMP=D:\Temp
TEMP=D:\Temp




Periodic native trim disabled

---------------  S Y S T E M  ---------------

OS:
 Windows 11 , 64 bit Build 26100 (10.0.26100.8328)
OS uptime: 4 days 11:09 hours
Hyper-V role detected

CPU: total 12 (initial active 12) (6 cores per cpu, 2 threads per core) family 6 model 154 stepping 4 microcode 0x435, cx8, cmov, fxsr, ht, mmx, 3dnowpref, sse, sse2, sse3, ssse3, sse4.1, sse4.2, popcnt, lzcnt, tsc, tscinvbit, avx, avx2, aes, erms, clmul, bmi1, bmi2, adx, sha, fma, vzeroupper, clflush, clflushopt, clwb, hv, serialize, rdtscp, rdpid, fsrm, f16c, cet_ibt, cet_ss
Processor Information for processor 0
  Max Mhz: 1300, Current Mhz: 1300, Mhz Limit: 1300
Processor Information for processor 1
  Max Mhz: 1300, Current Mhz: 1300, Mhz Limit: 1300
Processor Information for processor 2
  Max Mhz: 1300, Current Mhz: 1300, Mhz Limit: 1300
Processor Information for processor 3
  Max Mhz: 1300, Current Mhz: 1300, Mhz Limit: 1300
Processor Information for processor 4
  Max Mhz: 1300, Current Mhz: 900, Mhz Limit: 897
Processor Information for processor 5
  Max Mhz: 1300, Current Mhz: 900, Mhz Limit: 897
Processor Information for processor 6
  Max Mhz: 1300, Current Mhz: 900, Mhz Limit: 897
Processor Information for processor 7
  Max Mhz: 1300, Current Mhz: 900, Mhz Limit: 897
Processor Information for processor 8
  Max Mhz: 1300, Current Mhz: 900, Mhz Limit: 897
Processor Information for processor 9
  Max Mhz: 1300, Current Mhz: 900, Mhz Limit: 897
Processor Information for processor 10
  Max Mhz: 1300, Current Mhz: 900, Mhz Limit: 897
Processor Information for processor 11
  Max Mhz: 1300, Current Mhz: 900, Mhz Limit: 897

Memory: 4k page, system-wide physical 16108M (1341M free)
TotalPageFile size 22038M (AvailPageFile size 16M)
current process WorkingSet (physical memory assigned to process): 622M, peak: 622M
current process commit charge ("private bytes"): 661M, peak: 680M

vm_info: OpenJDK 64-Bit Server VM (21.0.7+6-LTS) for windows-amd64 JRE (21.0.7+6-LTS), built on 2025-04-15T00:00:00Z by "admin" with MS VC++ 17.7 (VS2022)

END.
